race,race_start,driver,t10,t20,outlier
Abu Dhabi,00:58:20.522,ALB,1.484,1.732,
Abu Dhabi,00:58:20.522,ALO,1.162,1.486,
Abu Dhabi,00:58:20.522,ANT,1.471,1.707,
Abu Dhabi,00:58:20.522,BEA,1.511,1.818,
Abu Dhabi,00:58:20.522,COL,1.337,1.593,
Abu Dhabi,00:58:20.522,DOO,1.265,1.561,
Abu Dhabi,00:58:20.522,GAS,1.471,1.707,
Abu Dhabi,00:58:20.522,HAD,1.306,1.660,
Abu Dhabi,00:58:20.522,HAM,1.366,1.629,
Abu Dhabi,00:58:20.522,HUL,1.329,1.565,
Abu Dhabi,00:58:20.522,LAW,1.379,1.666,
Abu Dhabi,00:58:20.522,LEC,1.337,1.593,
Abu Dhabi,00:58:20.522,NOR,1.340,1.603,
Abu Dhabi,00:58:20.522,OCO,1.324,1.621,
Abu Dhabi,00:58:20.522,PIA,1.370,1.641,
Abu Dhabi,00:58:20.522,RUS,1.457,1.774,
Abu Dhabi,00:58:20.522,SAI,1.564,1.892,
Abu Dhabi,00:58:20.522,STR,1.310,1.558,
Abu Dhabi,00:58:20.522,TSU,1.393,1.656,
Abu Dhabi,00:58:20.522,VER,1.445,1.708,
Australian,01:11:00.355,ALB,1.715,2.387,
Australian,01:11:00.355,ALO,1.492,2.058,
Australian,01:11:00.355,ANT,1.587,2.177,
Australian,01:11:00.355,BEA,1.587,2.282,
Australian,01:11:00.355,DOO,1.492,2.164,
Australian,01:11:00.355,GAS,1.492,2.058,
Australian,01:11:00.355,HAD,10.029,10.320,異常
Australian,01:11:00.355,HAM,1.492,2.069,
Australian,01:11:00.355,HUL,1.536,2.154,
Australian,01:11:00.355,LAW,9.790,10.091,異常
Australian,01:11:00.355,LEC,1.587,2.161,
Australian,01:11:00.355,NOR,1.420,1.954,
Australian,01:11:00.355,OCO,1.587,2.213,
Australian,01:11:00.355,PIA,1.454,2.006,
Australian,01:11:00.355,RUS,1.587,2.194,
Australian,01:11:00.355,SAI,1.646,2.250,
Australian,01:11:00.355,STR,1.536,2.123,
Australian,01:11:00.355,VER,1.587,2.177,
Austrian,01:11:08.287,ALB,1.595,1.868,
Austrian,01:11:08.287,ALO,1.474,1.780,
Austrian,01:11:08.287,ANT,1.618,1.915,
Austrian,01:11:08.287,BEA,1.552,1.841,
Austrian,01:11:08.287,COL,1.588,1.854,
Austrian,01:11:08.287,DOO,1.627,1.933,
Austrian,01:11:08.287,GAS,1.465,1.754,
Austrian,01:11:08.287,HAD,1.475,1.860,
Austrian,01:11:08.287,HAM,1.559,1.856,
Austrian,01:11:08.287,HUL,1.499,1.796,
Austrian,01:11:08.287,LAW,1.552,1.937,
Austrian,01:11:08.287,LEC,1.451,1.776,
Austrian,01:11:08.287,NOR,1.443,1.749,
Austrian,01:11:08.287,OCO,1.523,1.812,
Austrian,01:11:08.287,PIA,1.413,1.719,
Austrian,01:11:08.287,RUS,1.443,1.749,
Austrian,01:11:08.287,STR,1.413,1.719,
Austrian,01:11:08.287,TSU,1.499,1.796,
Austrian,01:11:08.287,VER,1.588,1.854,
Azerbaijan,00:57:27.534,ALB,1.620,1.924,
Azerbaijan,00:57:27.534,ALO,1.320,1.860,
Azerbaijan,00:57:27.534,ANT,1.379,1.893,
Azerbaijan,00:57:27.534,BEA,1.526,1.914,
Azerbaijan,00:57:27.534,COL,1.620,1.967,
Azerbaijan,00:57:27.534,DOO,1.379,1.882,
Azerbaijan,00:57:27.534,GAS,1.820,2.036,
Azerbaijan,00:57:27.534,HAD,1.379,1.878,
Azerbaijan,00:57:27.534,HAM,1.447,1.902,
Azerbaijan,00:57:27.534,HUL,1.268,1.834,
Azerbaijan,00:57:27.534,LAW,1.320,1.854,
Azerbaijan,00:57:27.534,LEC,1.268,1.825,
Azerbaijan,00:57:27.534,NOR,1.268,1.818,
Azerbaijan,00:57:27.534,OCO,1.526,1.931,
Azerbaijan,00:57:27.534,PIA,3.301,3.811,異常
Azerbaijan,00:57:27.534,RUS,1.320,1.841,
Azerbaijan,00:57:27.534,SAI,1.772,1.964,
Azerbaijan,00:57:27.534,STR,1.733,1.964,
Azerbaijan,00:57:27.534,TSU,1.379,1.858,
Azerbaijan,00:57:27.534,VER,1.320,1.844,
Bahrain,00:55:34.907,ALB,1.229,1.586,
Bahrain,00:55:34.907,ALO,1.065,1.512,
Bahrain,00:55:34.907,ANT,1.065,1.536,
Bahrain,00:55:34.907,BEA,1.305,1.675,
Bahrain,00:55:34.907,DOO,1.065,1.527,
Bahrain,00:55:34.907,GAS,1.229,1.586,
Bahrain,00:55:34.907,HAD,1.165,1.601,
Bahrain,00:55:34.907,HAM,1.065,1.527,
Bahrain,00:55:34.907,HUL,1.025,1.513,
Bahrain,00:55:34.907,LAW,1.165,1.601,
Bahrain,00:55:34.907,LEC,1.065,1.512,
Bahrain,00:55:34.907,NOR,0.990,1.453,
Bahrain,00:55:34.907,OCO,1.025,1.543,
Bahrain,00:55:34.907,PIA,1.065,1.536,
Bahrain,00:55:34.907,RUS,0.959,1.412,
Bahrain,00:55:34.907,SAI,1.025,1.543,
Bahrain,00:55:34.907,STR,1.065,1.512,
Bahrain,00:55:34.907,TSU,1.229,1.680,
Bahrain,00:55:34.907,VER,1.065,1.578,
Belgian,02:14:32.096,ALB,14.663,15.349,異常
Belgian,02:14:32.096,ANT,21.028,21.695,異常
Belgian,02:14:32.096,BEA,29.651,,異常
Belgian,02:14:32.096,LAW,26.442,27.402,異常
Belgian,02:14:32.096,LEC,10.274,10.942,異常
Belgian,02:14:32.096,NOR,5.478,6.558,異常
Belgian,02:14:32.096,PIA,8.230,9.151,異常
Belgian,02:14:32.096,RUS,17.448,19.043,異常
Belgian,02:14:32.096,TSU,23.387,24.705,異常
Belgian,02:14:32.096,VER,12.512,13.614,異常
British,00:56:09.003,ALB,1.465,1.958,
British,00:56:09.003,ALO,1.396,1.884,
British,00:56:09.003,ANT,1.396,1.872,
British,00:56:09.003,BEA,14.551,14.733,異常
British,00:56:09.003,DOO,1.396,1.884,
British,00:56:09.003,GAS,1.465,1.948,
British,00:56:09.003,HAD,14.678,14.878,異常
British,00:56:09.003,HAM,1.396,1.884,
British,00:56:09.003,HUL,1.341,1.796,
British,00:56:09.003,LAW,1.507,1.998,
British,00:56:09.003,LEC,13.856,14.300,異常
British,00:56:09.003,NOR,1.367,1.834,
British,00:56:09.003,OCO,1.396,1.884,
British,00:56:09.003,PIA,1.396,1.862,
British,00:56:09.003,RUS,12.428,13.494,異常
British,00:56:09.003,SAI,1.367,1.838,
British,00:56:09.003,STR,1.396,1.891,
British,00:56:09.003,TSU,14.249,14.553,異常
British,00:56:09.003,VER,1.341,1.805,
Canadian,00:57:59.581,ALB,1.334,1.945,
Canadian,00:57:59.581,ALO,1.198,1.714,
Canadian,00:57:59.581,ANT,1.245,1.808,
Canadian,00:57:59.581,BEA,1.334,1.945,
Canadian,00:57:59.581,COL,1.158,1.635,
Canadian,00:57:59.581,DOO,1.245,1.808,
Canadian,00:57:59.581,GAS,12.356,12.791,異常
Canadian,00:57:59.581,HAD,1.220,1.759,
Canadian,00:57:59.581,HAM,1.245,1.808,
Canadian,00:57:59.581,HUL,1.301,1.921,
Canadian,00:57:59.581,LAW,12.292,12.662,異常
Canadian,00:57:59.581,LEC,1.245,1.808,
Canadian,00:57:59.581,NOR,1.271,1.862,
Canadian,00:57:59.581,OCO,1.370,1.964,
Canadian,00:57:59.581,PIA,1.334,1.945,
Canadian,00:57:59.581,RUS,1.410,1.980,
Canadian,00:57:59.581,SAI,1.245,1.808,
Canadian,00:57:59.581,STR,1.334,1.943,
Canadian,00:57:59.581,TSU,1.245,1.808,
Canadian,00:57:59.581,VER,1.456,2.003,
Chinese,00:59:02.863,ALB,1.200,1.668,
Chinese,00:59:02.863,ALO,0.932,1.262,
Chinese,00:59:02.863,ANT,1.106,1.591,
Chinese,00:59:02.863,BEA,1.106,1.591,
Chinese,00:59:02.863,DOO,1.081,1.560,
Chinese,00:59:02.863,GAS,1.286,1.750,
Chinese,00:59:02.863,HAD,1.134,1.634,
Chinese,00:59:02.863,HAM,1.037,1.473,
Chinese,00:59:02.863,HUL,1.240,1.704,
Chinese,00:59:02.863,LAW,9.016,9.857,異常
Chinese,00:59:02.863,LEC,1.081,1.560,
Chinese,00:59:02.863,NOR,0.970,1.339,
Chinese,00:59:02.863,OCO,1.134,1.619,
Chinese,00:59:02.863,PIA,1.081,1.560,
Chinese,00:59:02.863,RUS,1.037,1.473,
Chinese,00:59:02.863,SAI,1.081,1.560,
Chinese,00:59:02.863,STR,1.165,1.644,
Chinese,00:59:02.863,TSU,1.134,1.621,
Chinese,00:59:02.863,VER,1.037,1.473,
Dutch,00:56:34.052,ALB,1.100,1.535,
Dutch,00:56:34.052,ALO,1.082,1.498,
Dutch,00:56:34.052,ANT,1.082,1.498,
Dutch,00:56:34.052,BEA,1.165,1.665,
Dutch,00:56:34.052,COL,1.191,1.691,
Dutch,00:56:34.052,DOO,1.082,1.498,
Dutch,00:56:34.052,GAS,1.120,1.574,
Dutch,00:56:34.052,HAD,14.007,14.311,異常
Dutch,00:56:34.052,HAM,1.082,1.498,
Dutch,00:56:34.052,HUL,1.082,1.498,
Dutch,00:56:34.052,LAW,1.120,1.574,
Dutch,00:56:34.052,LEC,1.065,1.465,
Dutch,00:56:34.052,NOR,1.100,1.535,
Dutch,00:56:34.052,OCO,1.120,1.574,
Dutch,00:56:34.052,PIA,1.120,1.574,
Dutch,00:56:34.052,RUS,1.100,1.535,
Dutch,00:56:34.052,SAI,1.065,1.465,
Dutch,00:56:34.052,STR,1.141,1.617,
Dutch,00:56:34.052,TSU,1.120,1.574,
Dutch,00:56:34.052,VER,1.035,1.406,
Emilia Romagna,00:55:59.147,ALB,1.386,1.738,
Emilia Romagna,00:55:59.147,ALO,0.913,1.413,
Emilia Romagna,00:55:59.147,ANT,13.131,13.544,異常
Emilia Romagna,00:55:59.147,BEA,1.037,1.516,
Emilia Romagna,00:55:59.147,COL,1.116,1.527,
Emilia Romagna,00:55:59.147,DOO,1.351,1.703,
Emilia Romagna,00:55:59.147,GAS,1.409,1.693,
Emilia Romagna,00:55:59.147,HAD,1.210,1.593,
Emilia Romagna,00:55:59.147,HAM,1.116,1.540,
Emilia Romagna,00:55:59.147,HUL,1.250,1.650,
Emilia Romagna,00:55:59.147,LAW,1.440,1.822,
Emilia Romagna,00:55:59.147,LEC,1.494,1.778,
Emilia Romagna,00:55:59.147,NOR,1.241,1.556,
Emilia Romagna,00:55:59.147,OCO,1.325,1.707,
Emilia Romagna,00:55:59.147,PIA,1.116,1.540,
Emilia Romagna,00:55:59.147,RUS,1.278,1.616,
Emilia Romagna,00:55:59.147,SAI,1.244,1.582,
Emilia Romagna,00:55:59.147,STR,1.116,1.540,
Emilia Romagna,00:55:59.147,TSU,1.254,1.694,
Emilia Romagna,00:55:59.147,VER,1.401,1.784,
Hungarian,00:57:47.946,ALB,1.642,1.854,
Hungarian,00:57:47.946,ALO,1.494,1.705,
Hungarian,00:57:47.946,ANT,10.985,11.534,異常
Hungarian,00:57:47.946,BEA,1.646,1.862,
Hungarian,00:57:47.946,COL,1.494,1.705,
Hungarian,00:57:47.946,DOO,1.642,1.854,
Hungarian,00:57:47.946,GAS,1.655,1.880,
Hungarian,00:57:47.946,HAD,1.581,1.797,
Hungarian,00:57:47.946,HAM,1.650,1.871,
Hungarian,00:57:47.946,HUL,1.646,1.862,
Hungarian,00:57:47.946,LAW,1.642,1.854,
Hungarian,00:57:47.946,LEC,1.642,1.854,
Hungarian,00:57:47.946,NOR,1.522,1.752,
Hungarian,00:57:47.946,OCO,1.513,1.721,
Hungarian,00:57:47.946,PIA,1.538,1.808,
Hungarian,00:57:47.946,RUS,1.498,1.723,
Hungarian,00:57:47.946,SAI,1.532,1.736,
Hungarian,00:57:47.946,STR,1.526,1.766,
Hungarian,00:57:47.946,TSU,1.660,1.890,
Hungarian,00:57:47.946,VER,1.665,1.900,
Italian,00:57:49.893,ALO,1.217,1.548,
Italian,00:57:49.893,ANT,1.217,1.548,
Italian,00:57:49.893,BEA,1.267,1.647,
Italian,00:57:49.893,COL,1.267,1.647,
Italian,00:57:49.893,DOO,1.362,1.786,
Italian,00:57:49.893,GAS,9.049,9.570,異常
Italian,00:57:49.893,HAD,1.232,1.578,
Italian,00:57:49.893,HAM,1.232,1.578,
Italian,00:57:49.893,LAW,1.334,1.716,
Italian,00:57:49.893,LEC,1.217,1.548,
Italian,00:57:49.893,NOR,1.204,1.520,
Italian,00:57:49.893,OCO,1.287,1.669,
Italian,00:57:49.893,PIA,1.204,1.520,
Italian,00:57:49.893,RUS,1.394,1.753,
Italian,00:57:49.893,SAI,1.249,1.611,
Italian,00:57:49.893,STR,1.232,1.578,
Italian,00:57:49.893,TSU,8.310,8.804,異常
Italian,00:57:49.893,VER,1.267,1.647,
Japanese,00:56:06.651,ALB,1.383,1.843,
Japanese,00:56:06.651,ALO,1.289,1.653,
Japanese,00:56:06.651,ANT,1.300,1.676,
Japanese,00:56:06.651,BEA,1.420,1.916,
Japanese,00:56:06.651,DOO,1.383,1.843,
Japanese,00:56:06.651,GAS,1.420,1.916,
Japanese,00:56:06.651,HAD,1.352,1.779,
Japanese,00:56:06.651,HAM,1.337,1.751,
Japanese,00:56:06.651,HUL,1.278,1.721,
Japanese,00:56:06.651,LAW,1.401,1.878,
Japanese,00:56:06.651,LEC,1.401,1.878,
Japanese,00:56:06.651,NOR,1.383,1.843,
Japanese,00:56:06.651,OCO,1.352,1.779,
Japanese,00:56:06.651,PIA,1.324,1.724,
Japanese,00:56:06.651,RUS,1.420,1.916,
Japanese,00:56:06.651,SAI,1.312,1.699,
Japanese,00:56:06.651,STR,1.367,1.810,
Japanese,00:56:06.651,TSU,1.383,1.843,
Japanese,00:56:06.651,VER,1.337,1.751,
Las Vegas,00:57:41.627,ALB,1.375,1.808,
Las Vegas,00:57:41.627,ALO,1.282,1.765,
Las Vegas,00:57:41.627,ANT,15.032,15.392,異常
Las Vegas,00:57:41.627,BEA,1.325,1.783,
Las Vegas,00:57:41.627,COL,1.127,1.622,
Las Vegas,00:57:41.627,DOO,1.282,1.765,
Las Vegas,00:57:41.627,GAS,1.325,1.789,
Las Vegas,00:57:41.627,HAD,1.127,1.622,
Las Vegas,00:57:41.627,HAM,1.152,1.672,
Las Vegas,00:57:41.627,HUL,1.282,1.760,
Las Vegas,00:57:41.627,LAW,1.432,1.835,
Las Vegas,00:57:41.627,LEC,1.282,1.756,
Las Vegas,00:57:41.627,NOR,1.375,1.801,
Las Vegas,00:57:41.627,OCO,1.282,1.771,
Las Vegas,00:57:41.627,PIA,1.282,1.763,
Las Vegas,00:57:41.627,RUS,1.432,1.819,
Las Vegas,00:57:41.627,SAI,1.325,1.783,
Las Vegas,00:57:41.627,STR,1.282,1.774,
Las Vegas,00:57:41.627,TSU,1.325,1.783,
Las Vegas,00:57:41.627,VER,1.179,1.696,
Mexico City,00:57:07.107,ALB,1.284,1.936,
Mexico City,00:57:07.107,ALO,1.284,1.684,
Mexico City,00:57:07.107,ANT,1.417,1.907,
Mexico City,00:57:07.107,BEA,1.244,1.844,
Mexico City,00:57:07.107,COL,1.364,1.977,
Mexico City,00:57:07.107,DOO,1.158,1.844,
Mexico City,00:57:07.107,GAS,1.417,1.903,
Mexico City,00:57:07.107,HAD,1.053,1.618,
Mexico City,00:57:07.107,HAM,1.449,1.936,
Mexico City,00:57:07.107,HUL,1.179,1.878,
Mexico City,00:57:07.107,LAW,1.417,1.902,
Mexico City,00:57:07.107,LEC,1.106,1.844,
Mexico City,00:57:07.107,NOR,1.179,1.873,
Mexico City,00:57:07.107,OCO,1.268,1.957,
Mexico City,00:57:07.107,PIA,1.268,1.748,
Mexico City,00:57:07.107,RUS,1.166,1.731,
Mexico City,00:57:07.107,SAI,1.253,1.905,
Mexico City,00:57:07.107,STR,1.449,1.931,
Mexico City,00:57:07.107,TSU,1.336,1.875,
Mexico City,00:57:07.107,VER,1.295,1.753,
Miami,00:57:15.384,ALB,1.360,1.711,
Miami,00:57:15.384,ALO,1.158,1.651,
Miami,00:57:15.384,ANT,1.503,1.743,
Miami,00:57:15.384,BEA,1.506,1.764,
Miami,00:57:15.384,DOO,1.215,1.639,
Miami,00:57:15.384,GAS,8.901,9.108,異常
Miami,00:57:15.384,HAD,1.512,1.796,
Miami,00:57:15.384,HAM,1.282,1.677,
Miami,00:57:15.384,HUL,1.108,1.609,
Miami,00:57:15.384,LAW,1.519,1.836,
Miami,00:57:15.384,LEC,1.282,1.666,
Miami,00:57:15.384,NOR,1.282,1.671,
Miami,00:57:15.384,OCO,1.215,1.639,
Miami,00:57:15.384,PIA,1.521,1.742,
Miami,00:57:15.384,RUS,1.158,1.635,
Miami,00:57:15.384,SAI,1.282,1.677,
Miami,00:57:15.384,STR,1.360,1.725,
Miami,00:57:15.384,TSU,1.282,1.725,
Miami,00:57:15.384,VER,1.360,1.698,
Monaco,00:56:08.809,ALB,1.307,1.597,
Monaco,00:56:08.809,ALO,1.289,1.559,
Monaco,00:56:08.809,ANT,1.272,1.526,
Monaco,00:56:08.809,BEA,1.258,1.497,
Monaco,00:56:08.809,COL,1.265,1.512,
Monaco,00:56:08.809,DOO,1.289,1.559,
Monaco,00:56:08.809,GAS,1.280,1.542,
Monaco,00:56:08.809,HAD,1.258,1.497,
Monaco,00:56:08.809,HAM,1.298,1.577,
Monaco,00:56:08.809,HUL,1.265,1.512,
Monaco,00:56:08.809,LAW,1.307,1.597,
Monaco,00:56:08.809,LEC,1.258,1.497,
Monaco,00:56:08.809,NOR,1.272,1.526,
Monaco,00:56:08.809,OCO,1.258,1.497,
Monaco,00:56:08.809,PIA,1.254,1.516,
Monaco,00:56:08.809,RUS,1.289,1.559,
Monaco,00:56:08.809,SAI,1.265,1.512,
Monaco,00:56:08.809,STR,1.265,1.512,
Monaco,00:56:08.809,TSU,1.265,1.512,
Monaco,00:56:08.809,VER,1.289,1.559,
Qatar,00:58:41.498,ALB,1.439,1.826,
Qatar,00:58:41.498,ALO,1.292,1.720,
Qatar,00:58:41.498,ANT,1.292,1.704,
Qatar,00:58:41.498,BEA,1.584,1.947,
Qatar,00:58:41.498,COL,8.934,9.420,異常
Qatar,00:58:41.498,DOO,1.292,1.712,
Qatar,00:58:41.498,GAS,1.771,2.102,
Qatar,00:58:41.498,HAD,1.236,1.678,
Qatar,00:58:41.498,HAM,1.776,2.151,
Qatar,00:58:41.498,HUL,1.236,1.710,
Qatar,00:58:41.498,LAW,1.516,1.903,
Qatar,00:58:41.498,LEC,1.236,1.678,
Qatar,00:58:41.498,NOR,1.572,1.903,
Qatar,00:58:41.498,OCO,1.509,1.861,
Qatar,00:58:41.498,PIA,1.359,1.766,
Qatar,00:58:41.498,RUS,1.359,1.776,
Qatar,00:58:41.498,SAI,1.545,1.896,
Qatar,00:58:41.498,STR,1.522,1.937,
Qatar,00:58:41.498,TSU,1.479,1.879,
Qatar,00:58:41.498,VER,1.729,2.019,
Saudi Arabian,00:56:57.036,ALB,1.123,1.469,
Saudi Arabian,00:56:57.036,ALO,1.076,1.419,
Saudi Arabian,00:56:57.036,ANT,1.076,1.422,
Saudi Arabian,00:56:57.036,BEA,1.056,1.399,
Saudi Arabian,00:56:57.036,DOO,1.151,1.483,
Saudi Arabian,00:56:57.036,GAS,1.098,1.439,
Saudi Arabian,00:56:57.036,HAD,1.022,1.346,
Saudi Arabian,00:56:57.036,HAM,1.221,1.540,
Saudi Arabian,00:56:57.036,HUL,1.038,1.378,
Saudi Arabian,00:56:57.036,LAW,1.184,1.529,
Saudi Arabian,00:56:57.036,LEC,1.022,1.346,
Saudi Arabian,00:56:57.036,NOR,1.056,1.401,
Saudi Arabian,00:56:57.036,OCO,1.022,1.346,
Saudi Arabian,00:56:57.036,PIA,1.056,1.398,
Saudi Arabian,00:56:57.036,RUS,1.038,1.378,
Saudi Arabian,00:56:57.036,SAI,1.098,1.446,
Saudi Arabian,00:56:57.036,STR,0.994,1.289,
Saudi Arabian,00:56:57.036,TSU,1.056,1.403,
Saudi Arabian,00:56:57.036,VER,1.123,1.471,
Singapore,00:54:57.735,ALB,9.943,10.209,異常
Singapore,00:54:57.735,ALO,1.162,1.698,
Singapore,00:54:57.735,ANT,1.162,1.698,
Singapore,00:54:57.735,BEA,1.130,1.711,
Singapore,00:54:57.735,COL,1.077,1.557,
Singapore,00:54:57.735,DOO,1.077,1.557,
Singapore,00:54:57.735,GAS,9.892,10.108,異常
Singapore,00:54:57.735,HAD,1.283,1.788,
Singapore,00:54:57.735,HAM,1.162,1.686,
Singapore,00:54:57.735,HUL,1.077,1.557,
Singapore,00:54:57.735,LAW,1.335,1.827,
Singapore,00:54:57.735,LEC,1.033,1.470,
Singapore,00:54:57.735,NOR,1.077,1.557,
Singapore,00:54:57.735,OCO,1.102,1.600,
Singapore,00:54:57.735,PIA,1.077,1.557,
Singapore,00:54:57.735,RUS,1.054,1.511,
Singapore,00:54:57.735,SAI,1.102,1.604,
Singapore,00:54:57.735,STR,1.054,1.511,
Singapore,00:54:57.735,TSU,1.130,1.651,
Singapore,00:54:57.735,VER,1.054,1.511,
Spanish,00:59:13.393,ALB,1.431,2.011,
Spanish,00:59:13.393,ALO,1.627,2.070,
Spanish,00:59:13.393,ANT,10.073,10.268,異常
Spanish,00:59:13.393,BEA,1.431,1.969,
Spanish,00:59:13.393,COL,1.287,1.778,
Spanish,00:59:13.393,DOO,1.336,1.876,
Spanish,00:59:13.393,GAS,1.396,1.933,
Spanish,00:59:13.393,HAD,1.567,2.085,
Spanish,00:59:13.393,HAM,1.696,2.130,
Spanish,00:59:13.393,HUL,1.396,1.942,
Spanish,00:59:13.393,LAW,1.431,1.971,
Spanish,00:59:13.393,LEC,1.336,1.876,
Spanish,00:59:13.393,NOR,1.396,1.940,
Spanish,00:59:13.393,OCO,1.516,2.022,
Spanish,00:59:13.393,PIA,1.364,1.905,
Spanish,00:59:13.393,RUS,1.396,1.938,
Spanish,00:59:13.393,SAI,1.431,1.971,
Spanish,00:59:13.393,TSU,1.471,2.007,
Spanish,00:59:13.393,VER,1.627,2.061,
São Paulo,00:56:54.480,ALB,1.358,1.791,
São Paulo,00:56:54.480,ALO,1.223,1.749,
São Paulo,00:56:54.480,ANT,1.171,1.676,
São Paulo,00:56:54.480,BEA,1.285,1.765,
São Paulo,00:56:54.480,COL,1.085,1.593,
São Paulo,00:56:54.480,DOO,1.565,1.965,
São Paulo,00:56:54.480,GAS,1.285,1.741,
São Paulo,00:56:54.480,HAD,1.285,1.753,
São Paulo,00:56:54.480,HAM,1.125,1.637,
São Paulo,00:56:54.480,HUL,1.285,1.741,
São Paulo,00:56:54.480,LAW,1.285,1.866,
São Paulo,00:56:54.480,LEC,1.223,1.749,
São Paulo,00:56:54.480,NOR,1.285,1.845,
São Paulo,00:56:54.480,OCO,14.138,14.656,異常
São Paulo,00:56:54.480,PIA,1.358,1.836,
São Paulo,00:56:54.480,RUS,1.516,1.874,
São Paulo,00:56:54.480,SAI,1.125,1.637,
São Paulo,00:56:54.480,STR,1.223,1.737,
São Paulo,00:56:54.480,TSU,1.445,1.845,
São Paulo,00:56:54.480,VER,13.915,14.224,異常
United States,00:56:44.299,ALB,1.716,1.978,
United States,00:56:44.299,ALO,1.525,1.765,
United States,00:56:44.299,ANT,1.648,1.844,
United States,00:56:44.299,BEA,1.693,1.933,
United States,00:56:44.299,COL,1.546,1.780,
United States,00:56:44.299,DOO,1.663,1.873,
United States,00:56:44.299,GAS,1.668,1.884,
United States,00:56:44.299,HAD,1.663,1.873,
United States,00:56:44.299,HAM,1.670,1.941,
United States,00:56:44.299,HUL,1.663,1.873,
United States,00:56:44.299,LAW,1.663,1.873,
United States,00:56:44.299,LEC,1.612,1.839,
United States,00:56:44.299,NOR,1.668,1.884,
United States,00:56:44.299,OCO,1.596,1.801,
United States,00:56:44.299,PIA,1.668,1.884,
United States,00:56:44.299,RUS,1.630,1.851,
United States,00:56:44.299,SAI,1.663,1.873,
United States,00:56:44.299,STR,1.733,2.013,
United States,00:56:44.299,TSU,1.577,1.824,
United States,00:56:44.299,VER,1.658,1.863,
