Point_Index,HAM_Speed,RUS_Speed,HAM_RPM,RUS_RPM,HAM_Throttle,RUS_Throttle,HAM_Brake,RUS_Brake,HAM_nGear,RUS_nGear,Speed_Gap_kmh,Speed_Leader
0,253.48,253.4500032,10471.78,10498.6500544,100.0,100.0,False,False,7,6,0.029996799999992163,HAM
1,255.0,254.2250048,10536.0,10511.8250816,100.0,100.0,False,False,7,6,0.7749952000000064,HAM
2,257.74999893333336,255.0,10659.749952,10525.0,100.0,100.0,False,False,7,7,2.7499989333333588,HAM
3,259.0,259.0,10716.0,10715.0,100.0,100.0,False,False,7,7,0.0,RUS
4,261.0,259.42857325714283,10774.0,10726.785764571428,100.0,100.0,False,False,7,7,1.5714267428571702,HAM
5,261.74999893333336,262.27143131428573,10808.8749504,10804.964361142856,100.0,100.0,False,False,7,7,-0.5214323809523762,RUS
6,265.0,263.0,10960.0,10825.0,100.0,100.0,False,False,7,7,2.0,HAM
7,266.3124992,266.0,10992.81248,10949.0,100.0,100.0,False,False,7,7,0.31249919999999065,HAM
8,268.0,267.0,11035.0,11002.0,100.0,100.0,False,False,7,7,1.0,HAM
9,269.64,267.6125024,11123.56,11018.843816,100.0,100.0,False,False,7,7,2.027497600000004,HAM
10,270.0,269.0,11143.0,11057.0,100.0,100.0,False,False,7,7,1.0,HAM
11,272.4,269.49000192,11189.8,11078.31508352,100.0,100.0,False,False,7,7,2.90999807999998,HAM
12,274.0,271.0,11221.0,11144.0,100.0,100.0,False,False,7,7,3.0,HAM
13,274.8749994666667,272.1,11266.499972266667,11197.35,100.0,100.0,False,False,7,7,2.7749994666666566,HAM
14,277.0,273.0,11377.0,11241.0,100.0,100.0,False,False,7,7,4.0,HAM
15,277.4642852571429,273.0997250660742,11391.392842971429,11242.221632059409,100.0,100.0,False,False,7,7,4.364560191068676,HAM
16,279.0,276.6454295514613,11439.0,11285.6565120054,100.0,100.0,False,False,7,7,2.354570448538709,HAM
17,279.0624992,277.0,11441.6874656,11290.0,100.0,100.0,False,False,7,7,2.0624991999999907,HAM
18,281.0,278.05,11525.0,11388.7,100.0,100.0,False,False,7,7,2.9499999999999886,HAM
19,281.0,279.0,11525.0,11478.0,100.0,100.0,False,False,7,7,2.0,HAM
20,281.0,279.175,11525.0,11486.05,100.0,100.0,False,False,7,7,1.8249999999999886,HAM
21,281.0,280.675,11525.0,11555.05,100.0,100.0,False,False,7,7,0.32499999999998863,HAM
22,281.0,281.0,11525.0,11570.0,100.0,100.0,False,False,7,7,0.0,RUS
23,281.0,281.73333333333335,11525.0,11596.766666666666,100.0,100.0,False,False,7,7,-0.7333333333333485,RUS
24,281.0,283.0,11525.0,11643.0,100.0,100.0,False,False,7,7,-2.0,RUS
25,281.0,283.62857142857143,11639.083293866666,11648.971428571429,100.0,100.0,False,False,7,7,-2.6285714285714334,RUS
26,281.0,285.0,11673.0,11662.0,100.0,100.0,False,False,7,7,-4.0,RUS
27,283.8124992,284.86,11696.9062432,11660.74,100.0,100.0,False,False,7,7,-1.047500800000023,RUS
28,285.0,284.0,11707.0,11653.0,100.0,100.0,False,False,7,7,1.0,HAM
29,284.47500032,284.0,11649.2500352,11660.849066081892,93.17500416,100.0,False,False,7,7,0.47500031999999237,HAM
30,284.0,284.0,11597.0,11679.0,87.0,100.0,False,False,7,7,0.0,RUS
31,277.6,284.0,11204.2,11642.718696,56.6,100.0,False,False,7,7,-6.399999999999977,RUS
32,268.0,284.0,10615.0,11634.0,11.0,100.0,True,False,7,7,-16.0,RUS
33,263.1250048,284.0,10477.6876352,11570.4374096,8.7656272,78.90622,True,False,7,7,-20.8749952,RUS
34,246.7,284.0,10015.05,11408.0,1.237499999999999,25.0,True,False,7,7,-37.30000000000001,RUS
35,244.0,282.7499968,9939.0,11390.99995648,0.0,18.749984,True,False,7,7,-38.74999680000002,RUS
36,244.0,279.0,10230.0,11340.0,0.0,0.0,True,True,7,7,-35.0,RUS
37,216.7,271.3606930285714,10428.45,11006.088356571428,0.0,0.0,True,True,7,7,-54.660693028571416,RUS
38,192.0,248.0,10608.0,9985.0,0.0,0.0,True,True,7,7,-56.0,RUS
39,190.40278186666666,223.7843504,10596.888917333334,9751.1122624,0.0,0.0,True,True,7,7,-33.381568533333336,RUS
40,175.06944853333334,207.0,10490.222250666666,9589.0,0.0,0.0,True,True,7,7,-31.930551466666657,RUS
41,169.0,205.7624736,10448.0,9591.8875616,0.0,0.0,True,True,6,7,-36.76247359999999,RUS
42,156.18679366752895,174.0,10302.954504316427,9666.0,0.0,0.0,True,True,6,7,-17.813206332471054,RUS
43,145.9931696410869,158.23635316363635,10187.562680337103,9865.672859927272,0.0,0.0,True,True,6,7,-12.243183522549458,RUS
44,144.0,150.0,10165.0,9970.0,0.0,0.0,True,True,3,4,-6.0,RUS
45,138.0,149.59999488,9604.0,9906.9991936,0.0,0.0,True,True,3,4,-11.599994879999997,RUS
46,132.9583352888889,142.0,9499.958373688889,8710.0,0.0,0.0,True,True,3,4,-9.04166471111111,RUS
47,127.0,140.1590882909091,9377.0,8558.022511127272,0.0,0.0,False,True,3,4,-13.159088290909096,RUS
48,126.95000064,134.84090647272728,9367.22512512,8118.977056581818,0.09999872,0.0,False,True,3,4,-7.8909058327272845,RUS
49,125.16,133.0,9017.28,7967.0,3.68,0.0,False,False,3,4,-7.840000000000003,RUS
50,125.0,131.2749952,8986.0,7894.1185472,4.0,0.0,False,False,3,4,-6.274995200000006,RUS
51,123.82142902857143,129.0,9205.214200685714,7798.0,19.91070811428571,0.0,False,False,3,4,-5.17857097142857,RUS
52,123.0,126.8499968,9358.0,7821.1125344,31.0,1.0750016,False,False,3,4,-3.8499967999999996,RUS
53,123.9107136,125.0,9416.5892416,7841.0,36.7678528,2.0,False,False,3,4,-1.089286400000006,RUS
54,125.84999862857143,123.89999872,9541.34991177143,7898.7500672,49.04999131428572,18.5000192,False,False,3,4,1.949999908571428,HAM
55,126.0,123.0,9551.0,7946.0,50.0,32.0,False,False,3,4,3.0,HAM
56,132.0,125.6125024,8685.0,8210.90774336,62.0,44.54001152,False,False,3,4,6.387497600000003,HAM
57,135.20833137777777,127.6250016,8804.874926933333,8414.97516224,62.291666488888886,54.20000768,False,False,3,4,7.583329777777763,HAM
58,143.0,128.0,9096.0,8453.0,63.0,56.0,False,False,4,4,15.0,HAM
59,143.9142857142857,132.0,9031.085714285715,8704.0,56.82857142857143,63.0,False,False,4,4,11.914285714285711,HAM
60,147.0,134.08333866666666,8812.0,8738.583421866666,36.0,63.20833386666666,False,False,4,4,12.916661333333337,HAM
61,146.8,141.54167466666667,8798.7,8862.391799466666,32.4,63.95416746666667,False,False,4,4,5.258325333333346,HAM
62,145.0,142.0,8679.0,8870.0,0.0,64.0,True,False,4,4,3.0,HAM
63,142.4,144.0,8751.8,9204.0,0.0,61.0,True,False,4,4,-1.5999999999999943,RUS
64,140.0,145.59643062857143,8819.0,9203.467856457142,0.0,50.88927268571429,True,False,4,4,-5.596430628571426,RUS
65,132.0,147.0,9308.0,9203.0,0.0,42.0,True,False,3,4,-15.0,RUS
66,123.95,146.64166613333333,8881.925,9131.691560533332,0.0,29.0999808,True,False,3,4,-22.691666133333328,RUS
67,118.0,146.03055502222222,8567.0,9010.080449422223,0.0,7.099980800000004,True,False,3,4,-28.030555022222217,RUS
68,113.2,146.0,7899.8,9004.0,0.0,6.0,True,False,3,4,-32.8,RUS
69,110.0,139.60747328151132,7455.0,9144.635587806752,0.0,1.7383155210075394,True,False,3,4,-29.607473281511318,RUS
70,103.2,137.0,7129.45,9202.0,0.0,0.0,True,True,3,4,-33.8,RUS
71,102.0,129.85,7072.0,9013.9,0.0,0.0,True,True,3,4,-27.849999999999994,RUS
72,99.0,124.975,6879.0,8885.65,0.0,0.0,True,True,3,4,-25.974999999999994,RUS
73,95.0,124.0,6518.0,8860.0,0.0,0.0,True,True,3,3,-29.0,RUS
74,94.35714377142857,108.0,6483.607191771429,7593.0,0.0,0.0,True,True,3,3,-13.642856228571432,RUS
75,92.08571428571429,107.76,6362.085714285714,7571.12,0.0,0.0,True,True,3,3,-15.674285714285716,RUS
76,91.0,102.0,6304.0,7046.0,0.0,0.0,True,True,3,3,-11.0,RUS
77,87.93333333333334,100.15,6090.1,6789.775,0.0,0.0,True,True,3,3,-12.216666666666669,RUS
78,87.0,100.0,6025.0,6769.0,0.0,0.0,True,True,3,3,-13.0,RUS
79,85.8281256,98.24,6042.9687408,6683.64,0.0,0.0,True,True,3,3,-12.411874399999988,RUS
80,84.15,96.0,6068.7,6575.0,0.0,0.0,True,True,3,3,-11.849999999999994,RUS
81,84.0,91.8125,6071.0,6451.05,0.0,0.0,False,True,3,3,-7.8125,RUS
82,80.0,91.0,6071.0,6427.0,0.0,0.0,False,True,3,3,-11.0,RUS
83,80.67499904,88.0,6135.34990848,6121.0,6.9749900799999995,0.0,False,False,3,3,-7.325000959999997,RUS
84,81.57499904,85.46499712,6221.14990848,6142.125024,16.27499008,0.0,False,False,3,3,-3.8899980800000122,RUS
85,83.0,85.0,6357.0,6146.0,31.0,0.0,False,False,3,3,-2.0,RUS
86,85.89999872,84.0,6544.04991744,6402.0,34.6249984,26.0,False,False,3,3,1.8999987199999993,HAM
87,87.0,84.17857371428572,6615.0,6414.035868342857,36.0,26.214288457142857,False,False,3,3,2.8214262857142813,HAM
88,87.975,87.37500342857143,6809.675,6629.475231085715,37.625,30.050004114285713,False,False,3,3,0.5999965714285622,HAM
89,90.0,89.0,7214.0,6739.0,41.0,32.0,False,False,3,3,1.0,HAM
90,94.4305536,89.7875008,7560.388736,7068.9628352,45.027776,40.6625088,False,False,3,3,4.643052799999992,HAM
91,101.0,90.0,8074.0,7158.0,51.0,43.0,False,False,3,3,11.0,HAM
92,106.36249792,95.3156304,8376.36238272,7521.8253696,55.1249984,51.268758399999996,False,False,3,3,11.046867519999992,HAM
93,111.56249792,99.0,8669.56238272,7774.0,59.124998399999996,57.0,False,False,3,3,12.562497919999998,HAM
94,114.0,104.2406328,8807.0,8113.4317552,61.0,61.4343816,False,False,3,3,9.7593672,HAM
95,117.20833137777778,112.0,9194.041430755555,8616.0,64.79166435555555,68.0,False,False,3,3,5.208331377777782,HAM
96,125.0,115.56000768,10134.0,8870.54054912,74.0,70.67000576,False,False,3,3,9.439992320000002,HAM
97,125.19999744,120.0,10138.02494848,9188.0,74.09999872,74.0,False,False,3,3,5.199997440000004,HAM
98,133.0,122.1500032,10295.0,9279.9126368,78.0,76.1500032,False,False,3,3,10.8499968,HAM
99,135.02499712,124.0,10462.96226112,9359.0,80.47499648,78.0,False,False,3,3,11.024997119999995,HAM
100,140.38,130.60000768,10907.13,10038.80079104,87.02,82.40000512,False,False,3,3,9.779992319999991,HAM
101,151.0,136.0,11788.0,10595.0,100.0,86.0,False,False,3,3,15.0,HAM
102,152.562496,148.08612124444446,11692.687744,11002.111452444444,100.0,88.54444657777778,False,False,3,3,4.476374755555554,HAM
103,161.0,155.0,11178.0,11235.0,100.0,90.0,False,False,3,3,6.0,HAM
104,167.8333312,157.2500032,10867.9375968,11629.3130608,100.0,95.625008,False,False,3,3,10.583327999999995,HAM
105,169.0,159.0,10815.0,11936.0,100.0,100.0,False,False,4,3,10.0,HAM
106,174.68181527272728,164.8437568,11063.295327418182,11583.3120896,100.0,100.0,False,False,4,3,9.838058472727283,HAM
107,189.0,176.0,11689.0,10910.0,100.0,100.0,False,False,4,4,13.0,HAM
108,189.1477253818182,176.75000192,11681.159191272727,10910.0,100.0,100.0,False,False,4,4,12.397723461818202,HAM
109,196.20909090909092,179.0,11306.363636363636,10910.0,100.0,100.0,False,False,4,4,17.209090909090918,HAM
110,202.0,179.3333376,10999.0,10947.708816,100.0,100.0,False,False,5,4,22.666662400000007,HAM
111,204.13333333333333,181.96667306666666,11100.68888888889,11245.604890666667,100.0,100.0,False,False,5,4,22.166660266666668,HAM
112,214.0,187.0,11571.0,11815.0,100.0,100.0,False,False,5,4,27.0,HAM
113,214.45,187.0,11593.8,11815.0,100.0,100.0,False,False,5,4,27.44999999999999,HAM
114,217.0,187.0,11723.0,11815.0,100.0,100.0,False,False,5,4,30.0,HAM
115,217.6,197.00000853333333,11672.257142857143,11345.624599466666,100.0,100.0,False,False,5,4,20.599991466666665,HAM
116,222.1249984,203.0,11289.571563885715,11064.0,100.0,100.0,False,False,5,5,19.12499840000001,HAM
117,224.0,205.3625024,11131.0,11390.812832,100.0,100.0,False,False,5,5,18.63749759999999,HAM
118,227.29999872,206.0,10943.72507264,11479.0,100.0,100.0,False,False,5,5,21.29999871999999,HAM
119,228.0,217.0,10904.0,11608.0,100.0,100.0,False,False,6,5,11.0,HAM
120,232.89999872,217.9639947892327,11143.48743744,11546.304333489108,100.0,100.0,False,False,6,5,14.936003930767328,HAM
121,236.0,226.60664947236373,11295.0,10993.174433768721,100.0,100.0,False,False,6,5,9.393350527636272,HAM
122,236.0625,229.0,11297.6625,10840.0,100.0,100.0,False,False,6,6,7.0625,HAM
123,237.640624,232.08333333333334,11364.8905824,10984.3,100.0,100.0,False,False,6,6,5.55729066666666,HAM
124,241.0,238.75,11508.0,11296.3,100.0,100.0,False,False,6,6,2.25,HAM
125,242.1249993142857,239.0,11541.749979428572,11308.0,100.0,100.0,False,False,6,6,3.124999314285702,HAM
126,243.82857142857142,239.94444444444446,11592.857142857143,11345.211111111112,100.0,100.0,False,False,6,6,3.884126984126965,HAM
127,244.0,242.72222222222223,11598.0,11454.655555555555,100.0,100.0,False,False,6,6,1.2777777777777715,HAM
128,248.0,244.0,11581.0,11505.0,97.0,100.0,False,False,6,6,4.0,HAM
129,239.31579130252257,246.775,10889.005685895745,11625.25,52.66482928129937,100.0,False,False,6,6,-7.459208697477436,RUS
130,231.94736894357789,247.0,10301.858767398784,11635.0,15.047094080371252,100.0,False,False,6,6,-15.052631056422115,RUS
131,229.0,247.52857142857144,10067.0,11674.642857142857,0.0,100.0,True,False,6,6,-18.52857142857144,RUS
132,208.0,248.0,10225.0,11710.0,0.0,100.0,True,False,6,6,-40.0,RUS
133,178.0,236.2437536,10990.0,11482.7125696,0.0,40.565643200000004,True,False,5,6,-58.24375359999999,RUS
134,176.92,230.0,10873.12,11362.0,0.0,9.0,True,True,5,6,-53.08000000000001,RUS
135,169.0,230.0,10016.0,11340.867899010293,0.0,8.547169264506282,True,True,4,6,-61.0,RUS
136,164.5,230.0,9780.5,10942.0,0.0,0.0,True,True,4,6,-65.5,RUS
137,154.0,225.6499712,9231.0,10957.66010368,0.0,0.0,True,True,4,6,-71.64997120000001,RUS
138,149.62500224,200.0,9016.62510976,11050.0,0.0,0.0,True,True,4,6,-50.374997760000014,RUS
139,147.0,190.00831573333335,8888.0,10889.2247168,0.0,0.0,True,True,4,6,-43.00831573333335,RUS
140,144.0,178.0,8720.0,10696.0,0.0,0.0,False,True,4,6,-34.0,RUS
141,141.2812512,175.95832533333333,8680.5781424,10539.879943822221,3.6249984,0.0,False,True,4,6,-34.67707413333332,RUS
142,138.0,163.0,8633.0,9549.0,8.0,0.0,False,True,4,4,-25.0,RUS
143,137.95024937719384,159.7861041777778,8632.900498754389,9445.908110933333,8.223877802627758,0.0,False,True,4,4,-21.835854800583945,RUS
144,136.0,154.0083264,8629.0,9260.5747776,17.0,0.0,False,True,4,4,-18.008326399999987,RUS
145,135.8158996308888,150.0,8647.594137280232,9132.0,21.786609596891154,0.0,False,True,4,4,-14.184100369111206,RUS
146,135.0,147.8874976,8730.0,9023.558210133333,43.0,0.0,False,True,4,4,-12.887497599999989,RUS
147,137.4166656,147.0,8870.1666048,8978.0,49.041664,0.0,False,False,4,4,-9.583334400000012,RUS
148,139.0,143.7749952,8962.0,8882.8623584,53.0,4.8375072,False,False,4,4,-4.774995200000006,RUS
149,140.3214281142857,141.0,9239.499904,8801.0,60.92856868571428,9.0,False,False,4,4,-0.6785718857142911,RUS
150,141.0,140.94999936,9382.0,8804.65004672,65.0,10.15001472,False,False,4,4,0.05000064000000748,HAM
151,148.0,140.0,9662.0,8874.0,71.0,32.0,False,False,4,4,8.0,HAM
152,152.66071222857144,140.2718768,10012.071274057143,8892.578248,77.73213988571429,34.26564,False,False,4,4,12.38883542857144,HAM
153,154.58928365714286,143.0,10156.928416914287,9079.0,80.51785417142857,57.0,False,False,4,4,11.589283657142857,HAM
154,157.0,143.1785737142857,10338.0,9092.5001728,84.0,57.35714742857143,False,False,4,4,13.821426285714296,HAM
155,162.65277582222222,148.0,10701.319318755555,9457.0,86.56944355555555,67.0,False,False,4,4,14.652775822222225,HAM
156,168.0,148.27500352,11045.0,9479.35028608,89.0,67.40000512,False,False,4,4,19.724996479999987,HAM
157,175.56249706666668,156.52500352,11444.437345066666,10149.85028608,96.56249706666667,79.40000512,False,False,4,4,19.037493546666667,HAM
158,179.0,159.0,11626.0,10351.0,100.0,83.0,False,False,4,4,20.0,HAM
159,183.16666453333335,162.0,11833.291560533333,10612.0,100.0,94.0,False,False,4,4,21.166664533333346,HAM
160,187.0,164.70000384,12024.0,10736.20017664,100.0,95.35000192,False,False,4,4,22.299996160000006,HAM
161,194.0,171.90000384,11184.0,11067.40017664,100.0,98.95000192,False,False,4,4,22.09999615999999,HAM
162,195.54,174.0,11139.34,11164.0,100.0,100.0,False,False,4,4,21.539999999999992,HAM
163,201.0,182.0,10981.0,11853.0,100.0,100.0,False,False,5,4,19.0,HAM
164,203.27499776,182.35714742857144,11088.57489408,11817.999552,100.0,100.0,False,False,5,4,20.917850331428554,HAM
165,208.0,190.892864,11312.0,10981.499328,100.0,100.0,False,False,5,4,17.107135999999997,HAM
166,214.4,192.0,11631.2,10873.0,100.0,100.0,False,False,5,4,22.400000000000006,HAM
167,216.0,202.0,11711.0,10979.0,100.0,100.0,False,False,5,5,14.0,HAM
168,218.1,203.7250048,11226.74,11109.812864,100.0,100.0,False,False,5,5,14.3749952,HAM
169,221.0,208.0,10558.0,11434.0,100.0,100.0,False,False,5,5,13.0,HAM
170,223.1,210.07000576,10518.52,11536.12028416,100.0,100.0,False,False,5,5,13.029994240000008,HAM
171,226.0,214.0,10464.0,11730.0,100.0,100.0,False,False,5,5,12.0,HAM
172,228.6,215.22776058459064,10621.56,11594.700783578111,100.0,100.0,False,False,5,5,13.372239415409354,HAM
173,235.1249984,219.0,11016.97490304,11179.0,100.0,100.0,False,False,5,5,16.12499840000001,HAM
174,236.0,224.25,11070.0,11005.225,100.0,100.0,False,False,6,5,11.75,HAM
175,239.4166656,229.0,11333.0832512,10848.0,100.0,100.0,False,False,6,6,10.416665599999988,HAM
176,240.0,229.2937488,11378.0,10896.468552,100.0,100.0,False,False,6,6,10.706251199999997,HAM
177,241.05,231.0,11455.0,11178.0,100.0,100.0,False,False,6,6,10.050000000000011,HAM
178,243.0,232.71428571428572,11598.0,11214.0,100.0,100.0,False,False,6,6,10.285714285714278,HAM
179,245.88,241.0,11417.28,11388.0,100.0,100.0,False,False,6,6,4.8799999999999955,HAM
180,247.0,241.16,11347.0,11393.8,100.0,100.0,False,False,6,6,5.840000000000003,HAM
181,252.0,245.0,10467.0,11533.0,100.0,100.0,False,False,7,6,7.0,HAM
182,252.1071414857143,246.275,10468.928546742856,11354.5,100.0,100.0,False,False,7,6,5.832141485714288,HAM
183,257.2499986285714,248.0,10561.499975314286,11113.0,100.0,100.0,False,False,7,6,9.249998628571404,HAM
184,258.0,249.13333333333333,10575.0,10869.9,100.0,100.0,False,False,7,6,8.866666666666674,HAM
185,259.03333333333336,252.0,10706.233333333334,10255.0,100.0,100.0,False,False,7,7,7.03333333333336,HAM
186,260.0,252.11428571428573,10829.0,10264.971428571429,100.0,100.0,False,False,7,7,7.885714285714272,HAM
187,260.8437488,254.4,10849.2499712,10464.4,100.0,100.0,False,False,7,7,6.443748800000009,HAM
188,265.3437488,256.0,10957.2499712,10604.0,100.0,100.0,False,False,7,7,9.343748800000014,HAM
189,266.0,258.4735389273523,10973.0,10670.37329455062,100.0,100.0,False,False,7,7,7.526461072647692,HAM
190,269.0,261.14763506503044,11077.0,10742.128207578317,100.0,100.0,False,False,7,7,7.8523649349695575,HAM
191,269.0624992,262.0,11079.8749632,10765.0,100.0,100.0,False,False,7,7,7.062499199999991,HAM
192,271.0,262.74642925714284,11169.0,10882.935822628571,100.0,100.0,False,False,7,7,8.253570742857164,HAM
193,271.7083328,263.0,11214.6874656,10923.0,100.0,100.0,False,False,7,7,8.708332799999994,HAM
194,272.7083328,266.7187528,11279.1874656,11025.5313272,100.0,100.0,False,False,7,7,5.9895799999999895,HAM
195,273.0,270.0,11298.0,11116.0,100.0,100.0,False,False,7,7,3.0,HAM
196,275.5624992,270.49000192,11325.3333248,11125.55503744,100.0,100.0,False,False,7,7,5.072497279999993,HAM
197,276.0,271.89000192,11330.0,11152.85503744,100.0,100.0,False,False,7,7,4.109998080000025,HAM
198,276.0,272.0,11446.0,11155.0,100.0,100.0,False,False,7,7,4.0,HAM
199,277.28,273.4166677333333,11468.4,11204.583370666667,100.0,100.0,False,False,7,7,3.863332266666646,HAM
200,280.0,274.0,11516.0,11225.0,100.0,100.0,False,False,7,7,6.0,HAM
201,281.8492456364235,274.7916672,11592.743693911576,11346.1250816,100.0,100.0,False,False,7,7,7.057578436423512,HAM
202,282.0,275.0,11599.0,11378.0,100.0,100.0,False,False,7,7,7.0,HAM
203,282.0,277.3625024,11606.0,11408.24003072,100.0,100.0,False,False,7,7,4.637497600000017,HAM
204,283.3214281142857,280.0,10993.51806902857,11442.0,100.0,100.0,False,False,7,7,3.321428114285709,HAM
205,284.0,281.05555626666666,10679.0,11522.7500544,100.0,100.0,False,False,7,7,2.944443733333344,HAM
206,284.0,282.0,10187.0,11595.0,100.0,100.0,False,False,8,7,2.0,HAM
207,284.0312496,282.6250016,10187.3437456,11608.4375344,100.0,100.0,False,False,8,7,1.406248000000005,HAM
208,285.1562496,284.0,10199.7187456,11638.0,100.0,100.0,False,False,8,7,1.1562496000000237,HAM
209,286.0,284.0,10209.0,11674.0,100.0,100.0,False,False,8,7,2.0,HAM
210,286.2031248,284.3406256,10230.9374784,11688.9875264,100.0,100.0,False,False,8,7,1.862499200000002,HAM
211,286.5781248,285.0,10271.4374784,11718.0,100.0,100.0,False,False,8,7,1.5781248000000119,HAM
212,287.0,285.0,10317.0,11718.0,100.0,100.0,False,False,8,7,2.0,HAM
213,287.44999936,285.1041669333333,10320.82499456,11566.1246112,100.0,100.0,False,False,8,7,2.345832426666675,HAM
214,289.0,285.2291669333333,10334.0,11383.8746112,100.0,100.0,False,False,8,7,3.7708330666666825,HAM
215,289.52,285.8958336,10367.8,10411.8746112,100.0,100.0,False,False,8,7,3.6241663999999787,HAM
216,290.0,286.0,10399.0,10260.0,100.0,100.0,False,False,8,8,4.0,HAM
217,290.78,289.0,10413.3,10270.0,100.0,100.0,False,False,8,8,1.7799999999999727,HAM
218,292.58749952,289.4,10446.4374912,10336.0,100.0,100.0,False,False,8,8,3.187499520000017,HAM
219,293.0,289.9031256,10454.0,10419.015724,100.0,100.0,False,False,8,8,3.09687439999999,HAM
220,293.0,290.0,10455.142857142857,10435.0,100.0,100.0,False,False,8,8,3.0,HAM
221,293.0,292.3343768,10458.374998857144,10464.5687728,100.0,100.0,False,False,8,8,0.6656232000000273,HAM
222,293.0,293.0,10459.0,10473.0,100.0,100.0,False,False,8,8,0.0,RUS
223,293.0,293.0,10434.0,10475.35269761113,100.0,100.0,False,False,8,8,0.0,RUS
224,293.0,293.0,10438.125,10476.0,100.0,100.0,False,False,8,8,0.0,RUS
225,293.0,293.0,10449.0,10476.0,100.0,100.0,False,False,8,8,0.0,RUS
226,292.6,291.9,10440.2,10483.425,100.0,73.875,False,False,8,8,0.7000000000000455,HAM
227,292.26666666666665,289.0,10432.866666666667,10503.0,100.0,5.0,False,False,8,8,3.2666666666666515,HAM
228,292.0,288.8,10427.0,10489.433333333332,100.0,4.833333333333333,False,False,8,8,3.1999999999999886,HAM
229,291.4142857142857,283.3,10442.814285714287,10116.35,86.52857142857142,0.25,False,False,8,8,8.1142857142857,HAM
230,291.0,283.0,10454.0,10096.0,77.0,0.0,False,False,8,8,8.0,HAM
231,289.8750016,275.85,10268.6565136,9593.55,67.156264,0.0,False,False,8,8,14.025001599999996,HAM
232,287.0,272.0,9795.0,9323.0,42.0,0.0,True,True,8,8,15.0,HAM
233,271.375008,223.28571428571428,9206.87530112,8705.657142857142,15.75001344,0.0,True,True,8,8,48.0892937142857,HAM
234,262.0,217.0,8854.0,8626.0,0.0,0.0,True,True,8,8,45.0,HAM
235,225.0,204.2,9063.0,8544.4,0.0,0.0,True,True,8,8,20.80000000000001,HAM
236,219.65714285714284,193.0,9046.342857142858,8473.0,0.0,0.0,True,True,8,8,26.657142857142844,HAM
237,191.0,187.57857645714284,8957.0,8536.8249408,0.0,0.0,True,True,7,8,3.4214235428571556,HAM
238,190.63889351111112,171.0,8969.527617422222,8732.0,0.0,0.0,True,True,7,8,19.63889351111112,HAM
239,165.0,162.75471467235985,9859.0,8891.69815792482,0.0,0.0,True,True,7,8,2.245285327640147,HAM
240,162.9,152.0,9940.2,9100.0,0.0,0.0,True,True,7,8,10.900000000000006,HAM
241,144.0,137.0,10671.0,9722.0,0.0,0.0,True,True,7,6,7.0,HAM
242,141.8,132.2312416,10425.92,9360.2556128,0.0,0.0,True,True,7,6,9.568758400000007,HAM
243,135.7500032,130.0,9751.95035648,9191.0,0.0,0.0,True,True,7,5,5.750003200000009,HAM
244,134.0,128.1571401142857,9557.0,8961.563944228572,0.0,0.0,True,True,6,5,5.84285988571429,HAM
245,129.05000192,126.0,9145.73765952,8693.0,0.0,0.0,True,True,6,3,3.0500019199999997,HAM
246,122.0,124.24999552,8560.0,8640.99986688,0.0,0.0,True,True,3,3,-2.249995519999999,RUS
247,119.3750016,119.0,8416.15008768,8485.0,0.0,0.0,True,True,3,3,0.3750016000000045,HAM
248,117.0,117.17857005714286,8286.0,8297.9998592,0.0,0.0,True,True,3,3,-0.17857005714286345,RUS
249,115.7,116.0,8204.425,8177.0,0.0,0.0,True,False,3,3,-0.29999999999999716,RUS
250,113.0,114.69999872,8035.0,8323.250144,0.0,13.32501312,False,False,3,3,-1.6999987199999964,RUS
251,110.67080772007263,113.30999808,8045.869563972994,8479.625216,1.5527948532849105,27.57251968,False,False,3,3,-2.639190359927369,RUS
252,110.0,112.0,8049.0,8627.0,2.0,41.0,False,False,3,3,-2.0,RUS
253,109.0,116.06389262222223,8087.0,8979.397545955555,27.0,50.28889742222222,False,False,3,3,-7.063892622222227,RUS
254,109.0,119.0,8120.15,9234.0,33.5,57.0,False,False,3,3,-10.0,RUS
255,109.0,123.0,8138.0,9308.0,37.0,61.0,False,False,3,3,-14.0,RUS
256,112.0,123.75000192,8709.0,9413.0002688,42.0,63.5000064,False,False,3,3,-11.750001920000003,RUS
257,112.48610986666667,126.0,8754.763771733333,9728.0,43.388885333333334,71.0,False,False,3,3,-13.513890133333334,RUS
258,118.3194432,129.85000704,9303.9304384,9940.80038912,60.055552,73.80000512,False,False,3,3,-11.530563840000013,RUS
259,119.0,137.0,9368.0,10336.0,62.0,79.0,False,False,3,3,-18.0,RUS
260,119.17499776,137.0,9380.84983552,10354.932546742857,62.2499968,79.09643062857143,False,False,3,3,-17.825002240000003,RUS
261,126.0,137.0,9882.0,10735.678840685714,72.0,81.03571565714286,False,False,3,3,-11.0,RUS
262,129.6093728,137.0,10248.8435264,10925.0,75.9374976,82.0,False,False,3,3,-7.3906272000000115,RUS
263,135.7968728,152.33334186666667,10877.7185264,11327.500224,82.6874976,82.95833386666666,False,False,3,3,-16.536469066666683,RUS
264,137.0,153.0,11000.0,11345.0,84.0,83.0,False,False,3,3,-16.0,RUS
265,147.2499968,161.3333376,10724.531336,10925.5553408,90.8333312,94.8055616,False,False,3,3,-14.083340800000002,RUS
266,161.0,165.0,10355.0,10741.0,100.0,100.0,False,False,3,3,-4.0,RUS
267,161.1625,172.875008,10366.4125,10888.000149333333,100.0,100.0,False,False,3,3,-11.712508000000014,RUS
268,164.4125,180.0,10594.6625,11021.0,100.0,100.0,False,False,3,4,-15.587500000000006,RUS
269,174.0,182.3500032,11268.0,10771.31216,100.0,100.0,False,False,4,4,-8.350003200000003,RUS
270,177.675,184.0,11441.5125,10596.0,100.0,100.0,False,False,4,4,-6.324999999999989,RUS
271,187.3,195.2,11895.95,10742.3,100.0,83.9,False,False,4,4,-7.899999999999977,RUS
272,188.0,200.0,11929.0,10805.0,100.0,77.0,False,False,4,5,-12.0,RUS
273,190.17499904,197.25232732571075,11758.98757504,10676.775275199836,100.0,65.24606689331824,False,False,4,5,-7.077328285710763,RUS
274,194.0,182.0,11460.0,9965.0,100.0,0.0,True,True,4,5,12.0,HAM
275,185.04444444444445,172.25714285714287,10942.644444444444,9638.771428571428,65.55555555555556,0.0,True,True,4,5,12.787301587301585,HAM
276,168.0,151.0,9958.0,8927.0,0.0,0.0,True,True,4,5,17.0,HAM
277,156.0,148.73333333333332,10114.8,8993.533333333333,0.0,0.0,True,True,4,5,7.26666666666668,HAM
278,138.0,136.45555555555555,10350.0,9353.922222222222,0.0,0.0,True,True,3,5,1.5444444444444514,HAM
279,130.35,134.0,9299.4,9426.0,0.0,0.0,True,True,3,3,-3.6500000000000057,RUS
280,126.0,112.3,8702.0,7943.425,0.0,0.0,True,True,3,3,13.700000000000003,HAM
281,123.3437568,106.0,8562.7816064,7513.0,0.0,0.0,True,True,3,3,17.343756799999994,HAM
282,109.0,102.85714285714286,7811.0,7265.028571428571,0.0,0.0,True,True,3,3,6.142857142857139,HAM
283,103.0,96.0,7204.0,6724.0,0.0,0.0,True,True,3,3,7.0,HAM
284,102.8750016,88.0,7187.1877152,6157.0,0.0,0.0,True,True,3,3,14.875001600000004,HAM
285,99.0,87.86666666666666,6666.0,6143.2,0.0,0.0,True,True,3,3,11.13333333333334,HAM
286,93.0,85.2,6261.0,5867.2,0.0,0.0,True,True,3,3,7.799999999999997,HAM
287,92.92,84.0,6257.01,5743.0,0.0,0.0,True,True,3,3,8.920000000000002,HAM
288,86.92,81.48,5957.76,5625.4,0.0,0.0,True,True,3,3,5.439999999999998,HAM
289,85.0,81.0,5862.0,5603.0,0.0,0.0,True,True,3,3,4.0,HAM
290,83.4062512,78.84401105863545,5728.3907256,5515.323116384508,0.0,1.7966574511371327,True,True,3,3,4.562240141364555,HAM
291,80.425,75.0,5478.4625,5359.0,0.0,5.0,True,False,3,3,5.424999999999997,HAM
292,79.0,75.0,5359.0,5374.6940848,0.0,5.5062608,False,False,3,3,4.0,HAM
293,77.10714331428571,75.0,5754.607047314285,5638.0,6.6249984,14.0,False,False,3,3,2.1071433142857074,HAM
294,77.0,75.6468768,5777.0,5697.9439168,7.0,17.4500096,False,False,3,3,1.3531231999999989,HAM
295,76.34285714285714,77.8968768,5817.742857142857,5906.4439168,18.82857142857143,29.4500096,False,False,3,3,-1.5540196571428595,RUS
296,76.0,78.0,5839.0,5916.0,25.0,30.0,False,False,3,3,-2.0,RUS
297,76.7083328,80.1250016,5987.0415552,6329.666978133333,27.4791648,37.08333866666667,False,False,3,3,-3.4166688000000107,RUS
298,78.0,81.0,6257.0,6500.0,32.0,40.0,False,False,3,3,-3.0,RUS
299,80.09999872,88.0,6531.57483264,6707.0,35.67499776,41.0,False,False,3,3,-7.900001279999998,RUS
300,82.0,88.60417066666666,6780.0,6768.021237333333,39.0,42.691677866666666,False,False,3,3,-6.604170666666661,RUS
301,86.60198992302166,93.0,6893.208952106333,7212.0,39.920397984604335,55.0,False,False,3,3,-6.398010076978338,RUS
302,87.0,97.4500096,6903.0,7519.0506624,40.0,57.54286262857143,False,False,3,3,-10.450009600000001,RUS
303,91.0,107.0,7129.0,8178.0,47.0,63.0,False,False,3,3,-16.0,RUS
304,96.14285714285714,110.0,7642.257142857143,8621.0,53.68571428571428,68.0,False,False,3,3,-13.857142857142861,RUS
305,101.0,112.2500032,8127.0,8719.43764,60.0,71.9375056,False,False,3,3,-11.250003199999995,RUS
306,104.86610775133516,114.0,8457.37648056864,8796.0,62.460250387213286,75.0,False,False,3,3,-9.133892248664836,RUS
307,112.0,126.5000064,9067.0,9403.8128112,67.0,77.3437512,False,False,3,3,-14.500006400000004,RUS
308,114.16666453333333,130.0,9098.416635733332,9574.0,68.08333226666667,78.0,False,False,3,3,-15.833335466666668,RUS
309,120.0,143.0,9183.0,10526.0,71.0,82.0,False,False,3,3,-23.0,RUS
310,120.22499712,144.57500617142858,9200.64977408,10699.600680228572,71.2499968,83.2250048,False,False,3,3,-24.350009051428586,RUS
311,129.0,152.0,9889.0,11518.0,81.0,89.0,False,False,3,3,-23.0,RUS
312,130.9863581090909,152.5000064,10066.93586850909,11526.4063576,82.35908712727273,89.0625008,False,False,3,3,-21.51364829090909,RUS
313,133.53408814545455,168.0,10295.158843345454,11787.0,84.10227083636363,91.0,False,False,3,3,-34.46591185454545,RUS
314,148.0,168.31500672,11591.0,11750.36921856,94.0,90.86499712,False,False,3,3,-20.315006720000014,RUS
315,149.0937472,175.0,11511.6252032,10973.0,94.4687488,88.0,False,False,3,4,-25.906252800000004,RUS
316,156.925,176.76,10943.3,10929.44,97.825,80.96,False,False,3,4,-19.83499999999998,RUS
317,162.0,179.0,10575.0,10874.0,100.0,72.0,False,True,3,4,-17.0,RUS
318,164.3375,177.562496,10677.1625,10720.7620736,98.075,51.299942400000006,False,True,3,4,-13.224996000000004,RUS
319,174.9625,174.0,11141.5375,10341.0,89.325,0.0,False,True,3,4,0.9625000000000057,HAM
320,179.0,170.937488,11318.0,10205.432802133333,86.0,0.0,False,True,4,4,8.062511999999998,HAM
321,179.0,159.0,10939.0,9677.0,41.0,0.0,True,True,4,4,20.0,HAM
322,178.85,154.65086723948502,10923.333333333334,9370.11431958616,40.35,0.0,True,True,4,4,24.19913276051497,HAM
323,170.0,145.07481197415487,9999.0,8694.403919926302,2.0,0.0,True,True,4,4,24.92518802584513,HAM
324,159.82500352,143.0,9498.57517312,8548.0,0.15000064000000002,0.0,True,True,4,4,16.825003519999996,HAM
325,159.0,134.0,9458.0,8176.0,0.0,0.0,True,True,4,4,25.0,HAM
326,142.8,134.0,8657.0,8133.16,0.0,0.0,True,True,4,4,8.800000000000011,HAM
327,141.0,134.0,8568.0,7870.0,0.0,0.0,True,True,4,4,7.0,HAM
328,135.0,132.8,7983.0,7820.666666666667,0.0,0.0,True,True,4,4,2.1999999999999886,HAM
329,133.9,126.3,7958.616666666667,7553.444444444444,0.0,0.0,True,True,4,4,7.6000000000000085,HAM
330,129.0,125.0,7850.0,7500.0,0.0,0.0,True,False,4,4,4.0,HAM
331,127.32,120.3,7742.69,7500.0,0.0,0.0,True,False,4,4,7.019999999999996,HAM
332,123.70000128,117.0,7511.46258176,7500.0,0.0,0.0,True,False,4,4,6.700001279999995,HAM
333,121.0,117.0,7339.0,7529.183333333333,0.0,9.633333333333335,False,False,4,4,4.0,HAM
334,118.5833344,117.0,7267.7083648,7603.0,1.8124992,34.0,False,False,4,4,1.5833343999999983,HAM
335,117.0,117.35,7221.0,7651.825,3.0,35.05,False,False,4,4,-0.3499999999999943,RUS
336,115.7916672,119.0,7363.5832704,7882.0,8.2361088,40.0,False,False,4,4,-3.2083327999999938,RUS
337,114.0,120.1,7575.0,7863.025,16.0,42.75,False,False,4,4,-6.099999999999994,RUS
338,115.1718744,122.1,7572.6562512,7828.525,26.5468696,47.75,False,False,4,4,-6.928125600000001,RUS
339,116.8593744,123.0,7569.2812512,7813.0,41.7343696,50.0,False,False,4,4,-6.140625600000007,RUS
340,117.0,125.20551484576153,7569.0,7988.558981722617,43.0,53.7493752377946,False,False,4,4,-8.205514845761527,RUS
341,119.46,131.22055533420206,7802.7,8467.356204602484,49.56,63.974944068143515,False,False,4,4,-11.760555334202067,RUS
342,120.0,133.0,7854.0,8609.0,51.0,67.0,False,False,4,4,-13.0,RUS
343,124.0,136.0,8320.0,8936.0,57.0,74.0,False,False,4,4,-12.0,RUS
344,124.0,136.26591476363637,8333.9,8963.32785570909,57.35,74.30682472727273,False,False,4,4,-12.265914763636374,RUS
345,124.0,143.35682385454547,8876.0,9692.055128436363,71.0,82.48864290909091,False,False,4,4,-19.356823854545468,RUS
346,134.075,149.0,9041.075,10272.0,73.325,89.0,False,False,4,4,-14.925000000000011,RUS
347,137.0,150.75000448,9089.0,10285.00003328,74.0,91.75000704,False,False,4,4,-13.750004480000001,RUS
348,143.375,156.0,9580.5125,10324.0,79.7375,100.0,False,False,4,4,-12.625,RUS
349,147.0,164.45000832,9860.0,10533.95020672,83.0,100.0,False,False,4,4,-17.450008319999995,RUS
350,150.4166656,169.0,10264.8748736,10647.0,91.541664,100.0,False,False,4,4,-18.583334400000012,RUS
351,151.0,169.0,10334.0,10879.3066592,93.0,100.0,False,False,4,4,-18.0,RUS
352,152.3239844135047,169.0,10387.115139412364,10988.0,93.54517005261957,100.0,False,False,4,4,-16.67601558649531,RUS
353,166.09345756380463,169.0,10939.514003442044,10988.0,99.21495311450778,100.0,False,False,4,4,-2.906542436195366,RUS
354,168.0,169.5343864,11016.0,10995.875168,100.0,100.0,False,False,4,4,-1.5343863999999883,RUS
355,176.15000320000001,184.9718864,11299.2126112,11223.375168,100.0,100.0,False,False,4,4,-8.821883199999974,RUS
356,180.0,188.0,11433.0,11268.0,100.0,100.0,False,False,4,4,-8.0,RUS
357,186.17142857142858,195.0,11289.0,12098.0,100.0,100.0,False,False,4,4,-8.828571428571422,RUS
358,192.0,195.1687536,11153.0,12098.0,100.0,100.0,False,False,4,4,-3.1687536000000023,RUS
359,193.3793100681008,198.0,11114.517249099988,12098.0,100.0,100.0,False,False,4,4,-4.620689931899193,RUS
360,200.2758604086048,199.8750048,10922.103494599925,11927.582897066666,100.0,100.0,False,False,4,4,0.4008556086048145,HAM
361,202.0,203.5875072,10874.0,11590.157678933334,100.0,100.0,False,False,5,4,-1.5875072000000046,RUS
362,223.03749824,207.0,10735.3437616,11280.0,100.0,100.0,False,False,5,5,16.03749823999999,HAM
363,224.0,208.83333546666665,10729.0,11338.437568,100.0,100.0,False,False,6,5,15.166664533333346,HAM
364,226.92857142857142,213.50000213333334,10847.9,11487.187568,100.0,100.0,False,False,6,5,13.428569295238077,HAM
365,229.0,215.0,10932.0,11535.0,100.0,100.0,False,False,6,5,14.0,HAM
366,235.0,219.27778275555556,11036.0,11366.333137066667,99.0,100.0,False,False,6,5,15.722217244444437,HAM
367,235.1071414857143,227.01667413333334,11042.910625828572,11061.1997056,99.01785691428572,100.0,False,False,6,5,8.090467352380955,HAM
368,241.0,229.0,11423.0,10983.0,100.0,100.0,False,False,6,6,12.0,HAM
369,244.28,230.8958368,11268.84,11048.0417856,100.0,100.0,False,False,6,6,13.384163199999989,HAM
370,249.0,241.13333333333333,11047.0,11399.266666666666,100.0,100.0,False,False,6,6,7.866666666666674,HAM
371,249.02857142857144,242.0,11037.842857142858,11429.0,99.97142857142858,100.0,False,False,6,6,7.028571428571439,HAM
372,250.17857097142857,247.0,10669.268003657144,11726.0,98.82142902857143,100.0,False,False,6,6,3.17857097142857,HAM
373,251.0,247.0,10406.0,11425.999522981936,98.0,100.0,False,False,7,6,4.0,HAM
374,254.2,247.0,10482.8,11026.0,99.6,100.0,False,False,7,6,7.199999999999989,HAM
375,255.0,247.2,10502.0,11001.76,100.0,100.0,False,False,7,6,7.800000000000011,HAM
376,256.65,252.0,10558.925,10420.0,100.0,100.0,False,False,7,6,4.649999999999977,HAM
377,257.0,252.11428571428573,10571.0,10423.0,100.0,100.0,False,False,7,6,4.885714285714272,HAM
378,257.55,255.25714285714287,10592.633333333333,10505.5,99.81666666666666,100.0,False,False,7,6,2.2928571428571445,HAM
379,260.0,256.0,10689.0,10525.0,99.0,100.0,False,False,7,7,4.0,HAM
380,256.0,258.0,10475.0,10697.0,79.4,100.0,False,False,7,7,-2.0,RUS
381,240.0,259.25714285714287,9619.0,10698.257142857143,1.0,100.0,True,False,7,7,-19.257142857142867,RUS
382,217.65714285714284,261.8285714285714,9682.085714285715,10700.828571428572,0.34285714285714286,100.0,True,False,7,7,-44.17142857142858,RUS
383,206.0,262.0,9715.0,10701.0,0.0,100.0,True,False,7,7,-56.0,RUS
384,200.85417173333335,259.0,9781.895767466667,10199.0,0.0,41.0,True,True,7,7,-58.145828266666655,RUS
385,187.0,248.0,9962.0,9873.4,0.0,25.96666666666667,True,True,7,7,-61.0,RUS
386,181.6818234181818,229.0,9856.818285381818,9311.0,0.0,0.0,True,True,7,7,-47.31817658181819,RUS
387,167.03636363636363,214.81000704,9567.163636363637,9356.79497728,0.0,0.0,True,True,7,7,-47.773643403636356,RUS
388,151.0,207.0,9250.0,9382.0,0.0,0.0,True,True,4,7,-56.0,RUS
389,149.10416853333334,191.6,9087.50016,9819.5,0.0,0.0,True,True,4,7,-42.49583146666666,RUS
390,144.0,185.0,8650.0,10007.0,0.0,0.0,True,True,4,7,-41.0,RUS
391,137.8750016,167.0071478857143,8285.562595200001,9705.210798628572,0.0,0.0,True,True,4,7,-29.1321462857143,RUS
392,136.0,163.0,8174.0,9638.0,0.0,0.0,True,True,4,5,-27.0,RUS
393,134.375,155.98,8093.075,9267.56,1.625,0.0,True,True,4,5,-21.60499999999999,RUS
394,131.0,150.0,7925.0,8952.0,5.0,0.0,False,True,4,4,-19.0,RUS
395,129.80373807924997,141.04285714285714,7886.121487575624,8543.228571428572,6.79439288112506,0.0,False,True,4,4,-11.239119063607177,RUS
396,125.0,139.0,7730.0,8450.0,14.0,0.0,False,True,4,4,-14.0,RUS
397,124.6,136.1658264112496,7732.4,8186.421856246213,18.0,0.0,False,True,4,4,-11.565826411249617,RUS
398,124.1,136.0,7735.4,8171.0,23.0,0.0,False,True,4,4,-11.900000000000006,RUS
399,124.0,133.0,7736.0,7917.0,24.0,0.0,False,True,4,4,-9.0,RUS
400,127.0,131.562496,8278.0,7887.9624192,49.0,0.0,False,True,4,4,-4.56249600000001,RUS
401,127.36666666666666,128.0,8331.166666666666,7816.0,49.36666666666667,0.0,False,False,4,4,-0.63333333333334,RUS
402,129.0,127.59166506666666,8568.0,7866.429364266667,51.0,5.5125215999999995,False,False,4,4,1.408334933333336,HAM
403,132.59874535949936,126.0,8822.996814044527,8063.0,55.11285183942785,27.0,False,False,4,4,6.598745359499361,HAM
404,136.0,126.0,9064.0,8066.928621714285,59.0,27.64286537142857,False,False,4,4,10.0,HAM
405,138.1249984,126.0,9203.1873952,8137.250075428571,65.3749952,39.150012342857146,False,False,4,4,12.12499840000001,HAM
406,140.0,126.0,9326.0,8173.0,71.0,45.0,False,False,4,4,14.0,HAM
407,150.0,129.52083733333333,9955.0,8406.079431466667,79.0,52.041674666666665,False,False,4,4,20.479162666666667,HAM
408,150.14999808,130.79166933333335,9955.84998912,8490.208509866667,79.0,54.58333866666667,False,False,4,4,19.358328746666643,HAM
409,156.0,131.0,9989.0,8504.0,79.0,55.0,False,False,4,4,25.0,HAM
410,160.0,137.44444728888888,9843.0,8913.222402844445,37.0,64.66667093333334,True,False,4,4,22.55555271111112,HAM
411,156.96,139.0,9831.96,9012.0,31.08,67.0,True,False,4,4,17.960000000000008,HAM
412,145.56,143.0,9790.56,9265.0,8.879999999999999,69.0,True,False,4,4,2.5600000000000023,HAM
413,141.0,144.2500032,9774.0,9330.0001664,0.0,69.89285942857143,True,False,4,4,-3.250003200000009,RUS
414,126.0,150.0,9069.0,9629.0,0.0,74.0,True,False,3,4,-24.0,RUS
415,126.0,150.3750048,8877.1877728,9648.1252448,0.0,73.8749984,True,False,3,4,-24.3750048,RUS
416,126.0,156.0,8387.0,9935.0,0.0,72.0,True,False,3,4,-30.0,RUS
417,119.0,157.60714514285715,8101.4,9967.464331885714,0.0,69.42856777142858,True,False,3,4,-38.60714514285715,RUS
418,113.343752,161.0,7870.6250816,10036.0,0.0,64.0,True,False,3,4,-47.656248000000005,RUS
419,111.0,159.6874976,7775.0,9846.5621536,0.0,49.9999744,True,False,3,4,-48.6874976,RUS
420,108.3,155.0,7694.0,9170.0,4.5,0.0,True,False,3,4,-46.7,RUS
421,108.0,151.78570057142858,7685.0,9170.107143314286,5.0,0.0,False,False,3,4,-43.78570057142858,RUS
422,105.7125,125.0,7842.8375,9171.0,27.875,0.0,False,True,3,4,-19.287499999999994,RUS
423,105.0,123.54166293333333,7892.0,9049.124688,35.0,0.0,False,True,3,4,-18.541662933333328,RUS
424,105.6,118.0,7935.2,8586.0,37.1,0.0,False,True,3,3,-12.400000000000006,RUS
425,107.0,116.562496,8036.0,8361.4618752,42.0,0.0,False,True,3,3,-9.562495999999996,RUS
426,111.0,113.0,8779.0,7805.0,49.0,0.0,False,False,3,3,-2.0,RUS
427,111.81249792,112.4749952,8825.68738048,7790.8248704,49.81249792,0.0,False,False,3,3,-0.6624972799999966,RUS
428,124.0,110.0,9526.0,7724.0,62.0,0.0,False,False,3,3,14.0,HAM
429,124.26666666666667,109.48398270133566,9544.983333333334,7704.804156489687,62.63333333333333,0.0,False,False,3,3,14.782683965331003,HAM
430,140.0,106.28113791466733,10665.0,7585.658330425625,100.0,0.0,False,False,3,3,33.718862085332674,HAM
431,145.4,105.0,10413.0,7538.0,100.0,0.0,False,False,3,3,40.400000000000006,HAM
432,146.0,104.0,10385.0,7698.0,100.0,23.0,False,False,3,3,42.0,HAM
433,150.0,104.05714285714286,9736.0,7709.2,76.0,23.571428571428573,False,False,4,3,45.942857142857136,HAM
434,152.8,105.05714285714286,9914.15,7905.2,75.3,33.57142857142857,False,False,4,3,47.74285714285715,HAM
435,158.0,106.0,10245.0,8090.0,74.0,43.0,False,False,4,3,52.0,HAM
436,158.825,107.0125,10251.325,8258.075,73.175,46.375,False,False,4,3,51.812499999999986,HAM
437,159.95,108.5125,10259.95,8507.075,72.05,51.375,False,False,4,3,51.437499999999986,HAM
438,161.0,109.0,10268.0,8588.0,71.0,53.0,False,False,4,3,52.0,HAM
439,164.4,117.61666666666667,10556.15,8938.933333333332,73.55,61.61666666666667,False,False,4,3,46.78333333333333,HAM
440,165.0,120.0,10607.0,9036.0,74.0,64.0,False,False,4,3,45.0,HAM
441,169.0,127.41,11077.0,9751.92,82.0,77.11,False,False,4,3,41.59,HAM
442,171.97499776,133.0,11128.21246144,10292.0,85.82499712,87.0,False,False,4,3,38.97499776000001,HAM
443,178.27499776,139.075,11236.66246144,10636.925,93.92499712,87.0,False,False,4,3,39.19999776,HAM
444,183.0,151.0,11318.0,11314.0,100.0,87.0,False,False,4,3,32.0,HAM
445,183.88967764035363,153.5142857142857,11225.829396459365,11332.857142857143,100.0,83.54285714285714,False,False,4,3,30.37539192606792,HAM
446,191.71886091817473,159.0,10414.726008877098,11374.0,100.0,76.0,False,False,4,3,32.71886091817473,HAM
447,193.0,164.58,10282.0,10959.84,100.0,77.24,False,False,5,3,28.419999999999987,HAM
448,196.5142857142857,167.73,10719.528571428571,10726.04,100.0,77.94,False,False,5,3,28.784285714285716,HAM
449,199.0,168.0,11029.0,10706.0,100.0,78.0,False,False,5,4,31.0,HAM
450,199.0,174.75862475754218,10782.1625,11148.207162707758,61.25,81.8620712900241,False,False,5,4,24.24137524245782,HAM
451,199.0,175.0,10392.0,11164.0,0.0,82.0,False,False,5,4,24.0,HAM
452,187.0,184.65625599999998,9790.0,11717.3034688,0.0,99.3812608,False,False,5,4,2.343744000000015,HAM
453,185.25,185.0,10002.1,11737.0,0.0,100.0,False,False,5,4,0.25,HAM
454,182.0,190.8781304,10396.0,12036.1315248,0.0,100.0,True,False,5,4,-8.878130400000003,RUS
455,172.67409637007754,194.0,10693.738108481228,12195.0,0.0,100.0,True,False,5,4,-21.325903629922465,RUS
456,157.63231632181547,196.2500032,11173.960864096114,11697.4680424,0.0,87.6249824,True,False,5,4,-38.61768687818454,RUS
457,155.0,200.7500032,11258.0,10702.4055424,0.0,62.8749824,True,False,4,4,-45.75000320000001,RUS
458,146.0,202.0,10425.0,10426.0,0.0,56.0,True,True,3,5,-56.0,RUS
459,141.2187536,194.0,10414.9062576,9956.0,0.0,0.0,True,True,3,5,-52.781246399999986,RUS
460,133.3437536,187.99999146666667,10398.2812576,9749.749706666667,0.0,0.0,True,True,3,5,-54.65623786666666,RUS
461,128.0,178.0,10387.0,9406.0,0.0,0.0,True,True,3,5,-50.0,RUS
462,115.0,176.69499136,9609.0,9525.77079296,0.0,0.0,True,True,2,5,-61.69499135999999,RUS
463,113.0312528,169.0,9437.250244266666,10232.0,0.0,0.0,True,True,2,5,-55.968747199999996,RUS
464,94.7,162.74999466666668,7838.066666666667,9826.9996544,0.0,0.0,True,True,2,5,-68.04999466666668,RUS
465,94.0,159.0,7777.0,9584.0,0.0,0.0,True,True,2,4,-65.0,RUS
466,93.08333333333333,146.343744,7651.416666666667,9881.0001408,0.0,0.0,True,True,2,4,-53.26041066666666,RUS
467,89.33333333333333,144.0,7137.666666666667,9936.0,0.0,0.0,True,True,2,4,-54.66666666666667,RUS
468,89.0,135.3333248,7092.0,9446.8745184,0.0,0.0,True,True,2,4,-46.333324800000014,RUS
469,83.8750016,128.0,6660.8595096,9033.0,0.0,0.0,True,True,2,3,-44.124998399999996,RUS
470,81.0,120.90498944,6419.0,8562.47179968,0.0,0.0,True,True,2,3,-39.904989439999994,RUS
471,76.0,110.94999296,6242.0,7902.27453312,0.0,0.0,True,True,2,3,-34.94999296,RUS
472,75.89285851428572,106.0,6227.946608457143,7574.0,0.0,0.0,True,True,2,3,-30.10714148571428,RUS
473,70.75000137142857,100.718744,5553.375179885714,7071.7525544,0.0,0.0,True,True,2,3,-29.968742628571434,RUS
474,70.0,96.0,5455.0,6623.0,0.0,0.0,True,True,2,3,-26.0,RUS
475,68.275,95.71070811428571,5376.8,6604.035309714286,0.0,0.0,True,True,2,3,-27.435708114285703,RUS
476,67.0,87.35356525714286,5319.0,6056.178166857143,0.0,0.0,False,True,2,3,-20.35356525714286,RUS
477,66.2,87.0,5354.6,6033.0,0.0,0.0,False,True,2,3,-20.799999999999997,RUS
478,65.0,82.68465074085915,5408.0,5595.423585123119,0.0,0.0,False,True,2,3,-17.684650740859155,RUS
479,64.32222222222222,82.0,5755.022222222222,5526.0,13.555555555555555,0.0,False,True,2,3,-17.677777777777777,RUS
480,64.0,80.8,5920.0,5431.8,20.0,0.0,False,True,2,3,-16.799999999999997,RUS
481,65.69090909090909,78.0,6092.754545454545,5212.0,23.1,0.0,False,True,2,3,-12.309090909090912,RUS
482,68.41818181818182,75.68571428571428,6371.390909090909,5133.314285714286,28.1,0.0,False,True,2,3,-7.267532467532462,RUS
483,70.0,72.0,6533.0,5008.0,31.0,0.0,False,True,2,3,-2.0,RUS
484,75.7375,70.13333333333334,7079.3375,4847.0,36.1,0.0,False,True,2,3,5.604166666666657,HAM
485,79.0,68.0,7390.0,4663.0,39.0,0.0,False,False,2,3,11.0,HAM
486,80.39285577142857,66.0,7638.160469942857,4749.0,41.78571154285714,7.0,False,False,2,3,14.392855771428572,HAM
487,83.8214272,66.0,8249.0176128,4758.333333333333,48.642854400000004,7.311111111111111,False,False,2,3,17.821427200000002,HAM
488,85.0,66.0,8459.0,4945.0,51.0,13.533333333333333,False,False,2,3,19.0,HAM
489,88.6093728,66.0,8656.5311296,5131.666666666667,53.2968736,19.755555555555556,False,False,2,3,22.609372800000003,HAM
490,96.0,66.0,9061.0,5169.0,58.0,21.0,False,False,2,3,30.0,HAM
491,101.09999616,68.11428571428571,9333.42479488,5349.242857142857,59.699998719999996,26.814285714285713,False,False,2,3,32.98571044571429,HAM
492,108.0,70.0,9702.0,5510.0,62.0,32.0,False,False,2,3,38.0,HAM
493,115.53845956923077,75.77777777777777,9742.048066461539,5798.311111111111,70.48076701538461,39.51111111111111,False,False,2,3,39.760681791452996,HAM
494,124.0,80.0,9787.0,6009.0,80.0,45.0,False,False,2,3,44.0,HAM
495,134.0,83.0375,10097.0,6345.15,82.0,47.7,False,False,3,3,50.962500000000006,HAM
496,136.2,88.1,10311.988888888889,6905.4,84.2,52.2,False,False,3,3,48.099999999999994,HAM
497,142.2,89.0,10898.322222222223,7005.0,90.2,53.0,False,False,3,3,53.19999999999999,HAM
498,152.0,94.21499776,11856.0,7425.17981952,100.0,58.95999744,False,False,3,3,57.78500224,HAM
499,153.2,96.0,11839.2,7569.0,100.0,61.0,False,False,3,3,57.19999999999999,HAM
500,162.0,100.46057679152784,11716.0,7911.112723010817,100.0,64.37922484206655,False,False,3,3,61.53942320847216,HAM
501,168.975,126.93492343867997,11175.05,9941.614885554516,100.0,84.43554805960605,False,False,3,3,42.04007656132002,HAM
502,171.0,129.0,11018.0,10100.0,100.0,86.0,False,False,4,3,42.0,HAM
503,176.76,138.65715382857144,11357.12,10742.2007296,100.0,94.4500096,False,False,4,3,38.10284617142855,HAM
504,179.0,145.0,11489.0,11164.0,100.0,100.0,False,False,4,3,34.0,HAM
505,180.73333333333332,145.0,11213.4,11299.48553088,100.0,100.0,False,False,4,3,35.73333333333332,HAM
506,183.0,145.0,10853.0,11717.0,100.0,100.0,False,False,4,3,38.0,HAM
507,183.21505371410953,157.6750144,10852.268817372027,11378.999616,100.0,100.0,False,False,4,3,25.54003931410952,HAM
508,198.0,172.0,10802.0,10997.0,100.0,100.0,False,False,5,4,26.0,HAM
509,200.08928365714286,173.1250048,10912.964176457142,11015.82508032,100.0,100.0,False,False,5,4,26.964278857142858,HAM
510,207.0,185.8375072,11280.0,11228.54762048,100.0,100.0,False,False,5,4,21.162492799999995,HAM
511,209.65714285714284,187.0,11161.314285714287,11248.0,100.0,100.0,False,False,5,4,22.657142857142844,HAM
512,213.0,195.0,11012.0,11008.0,100.0,100.0,False,False,5,5,18.0,HAM
513,222.0,195.3000064,10670.0,11015.525160533334,100.0,100.0,False,False,6,5,26.6999936,HAM
514,223.29999872,206.63333973333334,10731.09993984,11299.802938311112,100.0,100.0,False,False,6,5,16.666658986666647,HAM
515,226.0,207.0,10858.0,11309.0,100.0,100.0,False,False,6,5,19.0,HAM
516,226.6,211.28571794285713,10883.32,11454.178695314286,100.0,100.0,False,False,6,5,15.314282057142862,HAM
517,231.0,215.0,11069.0,11580.0,100.0,100.0,False,False,6,5,16.0,HAM
518,236.6249984,219.2500032,11302.035648,11197.499712,100.0,100.0,False,False,6,5,17.3749952,HAM
519,238.0,223.0,11359.0,10860.0,100.0,100.0,False,False,6,5,15.0,HAM
520,242.0,223.3750016,11448.0,10847.6249472,100.0,100.0,False,False,6,5,18.62499840000001,HAM
521,242.07499904,225.0,11448.0,10794.0,100.0,100.0,False,False,6,6,17.074999039999994,HAM
522,245.0,227.5031304,11448.0,10879.6626848,100.0,100.0,False,False,6,6,17.496869599999997,HAM
523,249.0,230.8781304,11784.0,10995.1626848,100.0,100.0,False,False,6,6,18.121869599999997,HAM
524,249.31428571428572,234.0,11738.271428571428,11102.0,100.0,100.0,False,False,6,6,15.314285714285717,HAM
525,251.0,237.38000384,11493.0,11266.7751872,100.0,100.0,False,False,6,6,13.61999616,HAM
526,254.85416533333333,238.0,10741.43776,11297.0,100.0,100.0,False,False,6,6,16.854165333333327,HAM
527,256.0,241.36318468790319,10518.0,11452.547291815523,100.0,100.0,False,False,7,6,14.636815312096815,HAM
528,260.7321417142857,242.0,10733.785662171429,11482.0,100.0,100.0,False,False,7,6,18.732141714285717,HAM
529,261.0,246.0,10746.0,11625.0,100.0,100.0,False,False,7,6,15.0,HAM
530,262.7343744,246.5142857142857,10756.9843712,11656.714285714286,100.0,100.0,False,False,7,6,16.220088685714273,HAM
531,264.0,249.0,10765.0,11810.0,100.0,100.0,False,False,7,6,15.0,HAM
532,264.9166663111111,250.92,10846.583301688888,11272.4,100.0,100.0,False,False,7,6,13.996666311111113,HAM
533,266.0,252.0,10943.0,10970.0,100.0,100.0,False,False,7,6,14.0,HAM
534,265.7083335111111,254.4,10871.541710222222,10838.0,76.66668088888889,100.0,False,False,7,6,11.308333511111101,HAM
535,265.15277795555556,258.0,10735.43059911111,10640.0,32.22223644444445,100.0,False,False,7,7,7.152777955555564,HAM
536,265.0,259.56666666666666,10698.0,10740.266666666666,20.0,100.0,False,False,7,7,5.433333333333337,HAM
537,256.0,261.0,10180.0,10832.0,4.0,100.0,True,False,7,7,-5.0,RUS
538,248.41667413333334,261.68,10180.0,10855.12,2.916667733333333,100.0,True,False,7,7,-13.263325866666662,RUS
539,228.0,264.08,10180.0,10936.72,0.0,100.0,True,False,7,7,-36.079999999999984,RUS
540,219.0000054857143,265.0,9726.625276342857,10968.0,0.0,100.0,True,False,7,7,-45.9999945142857,RUS
541,215.65714285714284,267.6857142857143,9558.228571428572,11051.257142857143,0.0,98.65714285714286,True,False,7,7,-52.02857142857147,RUS
542,204.0,269.0,8971.0,11092.0,0.0,98.0,True,False,7,7,-65.0,RUS
543,184.6444931252548,268.65500032,9160.480225194875,11049.91003904,0.0,85.58001152,True,False,7,7,-84.0105071947452,RUS
544,166.0,268.0,9343.0,10970.0,0.0,62.0,True,False,7,7,-102.0,RUS
545,142.23333333333335,266.3,9438.066666666668,10848.733333333334,0.0,44.43333333333334,True,False,7,7,-124.06666666666666,RUS
546,135.0,262.0,9467.0,10542.0,0.0,0.0,True,True,5,7,-127.0,RUS
547,125.8,244.2625088,8801.15,9941.344048,0.0,0.0,True,True,5,7,-118.46250880000001,RUS
548,119.0,218.0,8309.0,9052.0,0.0,0.0,True,True,3,7,-99.0,RUS
549,110.0,204.30361972784118,7609.0,8712.910827807462,0.0,0.0,True,True,3,7,-94.30361972784118,RUS
550,108.71666666666667,185.0,7504.866666666667,8235.0,0.0,0.0,True,True,3,7,-76.28333333333333,RUS
551,103.0,182.7499904,7041.0,8287.500224,0.0,0.0,True,True,3,7,-79.7499904,RUS
552,99.89028275555455,173.0,6796.109766999922,8515.0,0.0,0.0,True,True,3,7,-73.10971724444545,RUS
553,95.87774437562496,160.968736,6480.122369580465,8856.3441472,0.0,0.0,True,True,3,7,-65.09099162437505,RUS
554,95.0,138.0,6411.0,9508.0,0.0,0.0,True,True,3,5,-43.0,RUS
555,91.50000091428572,136.0968624,6425.874996114286,9395.171128,0.0,0.0,True,True,3,5,-44.59686148571427,RUS
556,91.0,117.0,6428.0,8263.0,0.0,0.0,False,True,3,3,-26.0,RUS
557,87.34,111.8781184,6345.04,7810.8775424,3.05,0.0,False,True,3,3,-24.538118400000002,RUS
558,85.0,106.0,6292.0,7292.0,5.0,0.0,False,True,3,3,-21.0,RUS
559,85.22857142857143,105.687496,6385.942857142857,7268.6872016,10.485714285714286,0.0,False,True,3,3,-20.458924571428568,RUS
560,86.0,102.593744,6703.0,7037.8933024,29.0,0.0,False,True,3,3,-16.593744,RUS
561,87.05,101.0,6837.6625,6919.0,31.1,0.0,False,True,3,3,-13.950000000000003,RUS
562,89.05,95.0,7094.1625,6696.0,35.1,0.0,False,True,3,3,-5.950000000000003,RUS
563,90.0,94.8749984,7216.0,6690.2915936,37.0,0.0,False,True,3,3,-4.8749983999999955,RUS
564,91.770832,92.1249984,7288.604112,6564.708260266667,38.4166656,0.0,False,True,3,3,-0.3541663999999969,RUS
565,95.0,92.0,7421.0,6559.0,41.0,0.0,False,True,3,3,3.0,HAM
566,97.88888888888889,89.3874976,7687.066666666667,6122.7120992,44.75555555555555,0.0,False,True,3,3,8.501391288888883,HAM
567,105.0,89.0,8342.0,6058.0,54.0,0.0,False,False,3,3,16.0,HAM
568,105.53571291428571,86.6374976,8409.856969142857,6197.3876416,55.16071131428571,0.0,False,False,3,3,18.898215314285707,HAM
569,108.94285714285715,86.0,8841.42857142857,6235.0,62.542857142857144,0.0,False,False,3,3,22.94285714285715,HAM
570,111.0,84.7499968,9102.0,6226.8749792,67.0,2.8125071999999998,False,False,3,3,26.250003199999995,HAM
571,118.65,82.0,9564.6,6209.0,75.55,9.0,False,False,3,3,36.650000000000006,HAM
572,128.0,83.09773032727273,10130.0,6288.036583563637,86.0,13.077284072727274,False,False,3,3,44.90226967272727,HAM
573,131.8409053090909,87.55227578181818,10336.817978181818,6608.763856290909,87.92045265454546,29.622738618181817,False,False,3,3,44.28862952727273,HAM
574,154.0,89.0,11530.0,6713.0,99.0,35.0,False,False,3,3,65.0,HAM
575,155.65,92.36,11333.65,7022.12,99.18333333333334,41.72,False,False,3,3,63.290000000000006,HAM
576,163.0,95.98000384,10459.0,7355.16035328,100.0,48.960007680000004,False,False,3,3,67.01999616,HAM
577,164.375,97.0,10586.325,7449.0,100.0,51.0,False,False,3,3,67.375,HAM
578,168.0,103.59850728450525,10922.0,7881.202227135093,100.0,58.541151182291706,False,False,3,3,64.40149271549475,HAM
579,173.2499968,111.0,11267.1872896,8366.0,100.0,67.0,False,False,3,3,62.24999679999999,HAM
580,176.0,119.26666666666667,11448.0,9265.0,100.0,75.95555555555555,False,False,4,3,56.733333333333334,HAM
581,182.2499968,123.0,11598.7811728,9671.0,100.0,80.0,False,False,4,3,59.24999679999999,HAM
582,184.0,135.0,11641.0,10349.0,100.0,85.0,False,False,4,3,49.0,HAM
583,194.0,138.3,10773.0,10570.65,100.0,93.25,False,False,5,3,55.69999999999999,HAM
584,194.49999872,139.05,10815.4998912,10621.025,100.0,95.125,False,False,5,3,55.449998719999996,HAM
585,198.0,141.0,11113.0,10752.0,100.0,100.0,False,False,5,3,57.0,HAM
586,202.7812464,155.25,11212.8749248,11151.0,100.0,100.0,False,False,5,3,47.531246399999986,HAM
587,207.0,156.0,11301.0,11172.0,100.0,100.0,False,False,5,3,51.0,HAM
588,210.1249984,169.475,11501.520730666667,11103.341666666667,100.0,100.0,False,False,5,3,40.649998400000015,HAM
589,213.0,177.0,11686.0,11065.0,100.0,100.0,False,False,5,3,36.0,HAM
590,218.0,206.0,11871.0,11265.0,100.0,100.0,False,False,5,5,12.0,HAM
591,219.34999808,206.8156232,11638.350330880001,11301.4311696,100.0,100.0,False,False,5,5,12.534374880000001,HAM
592,224.0,211.2875,10837.0,11501.175,100.0,100.0,False,False,5,5,12.712500000000006,HAM
593,227.07053917225937,215.0,10691.14938931768,11667.0,100.0,100.0,False,False,5,5,12.070539172259373,HAM
594,228.0,220.2130350899818,10647.0,11144.653883983823,100.0,100.0,False,False,6,5,7.786964910018213,HAM
595,231.83333333333334,225.0,10866.65,10665.0,100.0,100.0,False,False,6,6,6.833333333333343,HAM
596,236.0,227.36363869090908,11105.4,10804.159227927274,100.0,100.0,False,False,6,6,8.636361309090915,HAM
597,238.0,231.7090944,11220.0,11059.9979328,100.0,100.0,False,False,6,6,6.290905600000002,HAM
598,243.0,233.0,11540.0,11136.0,100.0,100.0,False,False,6,6,10.0,HAM
599,243.02857142857144,235.98000384,11532.328571428572,11288.7251968,100.0,100.0,False,False,6,6,7.048567588571444,HAM
600,244.31428571428572,237.0,11187.114285714286,11341.0,100.0,100.0,False,False,6,6,7.314285714285717,HAM
601,245.0,239.031252,11003.0,11422.6563304,100.0,100.0,False,False,6,6,5.968748000000005,HAM
602,246.26,242.0,10733.36,11542.0,100.0,100.0,False,False,6,6,4.259999999999991,HAM
603,248.0,246.0,10361.0,11676.0,100.0,100.0,False,False,7,6,2.0,HAM
604,250.64236746899425,247.3750016,10431.022737928348,11721.833386666667,100.0,100.0,False,False,7,6,3.2673658689942613,HAM
605,253.90432715745573,249.0,10517.464669672576,11776.0,100.0,100.0,False,False,7,6,4.904327157455725,HAM
606,256.0,249.8625024,10573.0,11391.0364288,100.0,100.0,False,False,7,6,6.137497599999989,HAM
607,256.0,252.0,10628.1249664,10437.0,100.0,100.0,False,False,7,7,4.0,HAM
608,256.0,252.1687536,10657.0,10437.0,100.0,100.0,False,False,7,7,3.8312463999999977,HAM
609,259.06666666666666,255.0,10693.033333333333,10437.0,100.0,100.0,False,False,7,7,4.066666666666663,HAM
610,260.0,256.10000128,10704.0,10487.8750592,100.0,100.0,False,False,7,7,3.899998719999985,HAM
611,263.0,258.50000128,10755.0,10598.8750592,100.0,100.0,False,False,7,7,4.499998720000008,HAM
612,263.0,259.0,10755.0,10622.0,100.0,100.0,False,False,7,7,4.0,HAM
613,263.0,259.0,10755.0,10786.0,100.0,100.0,False,False,7,7,4.0,HAM
614,264.89583146666666,260.1666688,10834.6249216,10810.2083776,100.0,100.0,False,False,7,7,4.729162666666639,HAM
615,270.0,262.81666986666664,11049.0,10865.195899733333,100.0,100.0,False,False,7,7,7.183330133333357,HAM
616,270.0,263.0,11049.0,10869.0,100.0,100.0,False,False,7,7,7.0,HAM
617,270.66,263.0,11077.16,10869.0,100.0,100.0,False,False,7,7,7.660000000000025,HAM
618,273.0,265.3357184,11177.0,10932.8429696,100.0,100.0,False,False,7,7,7.664281599999981,HAM
619,273.525,269.0,11197.475,11033.0,100.0,100.0,False,False,7,7,4.524999999999977,HAM
620,274.0,269.0,11216.0,11047.80091607562,100.0,100.0,False,False,7,7,5.0,HAM
621,276.3666666666667,269.0,11354.844444444445,11156.0,100.0,100.0,False,False,7,7,7.366666666666674,HAM
622,277.0,270.62,11392.0,11175.44,100.0,100.0,False,False,7,7,6.3799999999999955,HAM
623,278.03333333333336,272.0,11438.155555555555,11192.0,100.0,100.0,False,False,7,7,6.03333333333336,HAM
624,279.3749994666667,273.06666666666666,11498.083309511112,11192.0,100.0,100.0,False,False,7,7,6.3083328000000165,HAM
625,280.0,275.0,11526.0,11192.0,100.0,100.0,False,False,7,7,5.0,HAM
626,280.53333333333336,275.0,11545.466666666667,11215.625056,100.0,100.0,False,False,7,7,5.53333333333336,HAM
627,282.0,275.0,11599.0,11332.0,100.0,100.0,False,False,7,7,7.0,HAM
628,283.3090909090909,279.0,11637.618181818181,11487.0,100.0,100.0,False,False,7,7,4.309090909090912,HAM
629,285.6727272727273,279.12,11707.345454545455,11492.24,100.0,100.0,False,False,7,7,6.552727272727282,HAM
630,286.0,282.0,11717.0,11618.0,100.0,100.0,False,False,7,7,4.0,HAM
631,286.0,282.24166613333335,11734.9218688,11623.316654933333,100.0,100.0,False,False,7,7,3.7583338666666464,HAM
632,286.0,284.0,11748.0,11662.0,100.0,100.0,False,False,7,7,2.0,HAM
633,286.7625,284.175,11719.025,11670.05,100.0,100.0,False,False,7,7,2.5874999999999773,HAM
634,287.0,285.0,11710.0,11708.0,100.0,100.0,False,False,7,7,2.0,HAM
635,286.0,285.44,11438.0,11730.44,60.0,100.0,False,False,7,7,0.5600000000000023,HAM
636,285.82500224,286.0,11437.45000704,11759.0,58.67501696,100.0,False,False,7,7,-0.17499775999999656,RUS
637,279.0,286.0,11416.0,11775.5,7.0,95.23333333333333,False,False,7,7,-7.0,RUS
638,261.0,286.0,10856.0,11804.0,7.0,87.0,True,False,7,7,-25.0,RUS
639,251.7916736,286.0,10382.1253568,11664.0,4.5208352000000005,0.0,True,False,7,7,-34.208326400000004,RUS
640,235.0,284.08,9518.0,11557.92,0.0,0.0,True,False,7,7,-49.079999999999984,RUS
641,228.4,278.48,9383.8,11248.52,0.0,0.0,True,False,7,7,-50.08000000000001,RUS
642,211.0,278.0,9030.0,11222.0,0.0,0.0,True,False,7,7,-67.0,RUS
643,188.64797759959677,273.0,9183.271010745622,11032.0,0.0,0.0,True,False,7,7,-84.35202240040323,RUS
644,176.0,269.4,9270.0,10963.6,0.0,0.0,True,False,7,7,-93.39999999999998,RUS
645,169.0812464,265.0,9404.53132,10880.0,0.0,0.0,True,False,7,7,-95.9187536,RUS
646,167.0,261.9812528,9445.0,10623.8377376,0.0,0.0,True,False,7,7,-94.9812528,RUS
647,147.82857142857142,258.0,9704.685714285715,10286.0,0.0,0.0,True,True,7,7,-110.17142857142858,RUS
648,145.0,224.43333333333334,9743.0,9694.466666666667,0.0,0.0,True,True,7,7,-79.43333333333334,RUS
649,144.8125,205.0,9731.175,9352.0,0.0,0.0,True,True,7,7,-60.1875,RUS
650,130.75,191.25078224498492,8844.3,9417.106589957571,0.0,0.0,True,True,7,7,-60.50078224498492,RUS
651,130.0,171.0,8797.0,9513.0,0.0,0.0,True,True,4,6,-41.0,RUS
652,122.53333333333333,155.1687296,8490.866666666667,9594.0188544,0.0,0.0,True,True,4,6,-32.635396266666675,RUS
653,122.0,154.0,8469.0,9600.0,0.0,0.0,True,True,3,5,-32.0,RUS
654,114.64,142.0,8107.4400000000005,10559.0,0.0,0.0,True,True,3,5,-27.36,RUS
655,114.0,138.1062416,8076.0,10419.1028232,0.0,0.0,True,True,3,5,-24.106241600000004,RUS
656,112.97493054485918,131.0624944,7985.281353220037,10166.0310488,0.0,0.0,True,True,3,5,-18.087563855140814,RUS
657,112.08356580125846,128.0,7906.395573411374,10056.0,0.0,0.0,True,True,3,3,-15.916434198741541,RUS
658,112.0,124.72999424,7899.0,9292.998656,0.0,0.0,False,True,3,3,-12.729994239999996,RUS
659,105.0,122.0,7525.0,8656.0,8.0,0.0,False,True,3,3,-17.0,RUS
660,104.36,118.61999616,7545.48,8396.58470528,11.2,0.0,False,True,3,3,-14.25999616,RUS
661,103.0,114.21999616,7589.0,8058.88470528,18.0,0.0,False,True,3,3,-11.219996159999994,RUS
662,104.3124992,114.0,7854.1248384,8042.0,31.124992,0.0,False,True,3,3,-9.687500799999995,RUS
663,105.0,111.0,7993.0,7757.0,38.0,0.0,False,False,3,3,-6.0,RUS
664,107.5625,107.0624976,8256.9375,7755.6874992,46.7125,4.5937528,False,False,3,3,0.5000023999999996,HAM
665,110.0,105.0,8508.0,7755.0,55.0,7.0,False,False,3,3,5.0,HAM
666,111.92,105.0,8271.2,7814.5001088,59.480000000000004,9.6250048,False,False,3,3,6.920000000000002,HAM
667,116.0,105.0,7768.0,8027.0,69.0,19.0,False,False,3,3,11.0,HAM
668,118.24,107.812504,7748.48,8211.219012,66.44,32.7812696,False,False,3,3,10.42749599999999,HAM
669,123.0,115.0,7707.0,8682.0,61.0,68.0,False,False,4,3,8.0,HAM
670,123.8124992,115.28929188571429,7785.97492224,8702.089714285714,58.40000256,67.83928228571429,False,False,4,3,8.523207314285713,HAM
671,126.8124992,121.04286537142858,8077.57492224,9101.64342857143,48.800002559999996,64.64285257142858,False,False,4,3,5.769633828571429,HAM
672,128.0,124.0,8193.0,9307.0,45.0,63.0,False,False,4,3,4.0,HAM
673,128.8,125.33807919960425,8300.2,9304.992881200593,48.2,46.94304960474902,False,False,4,3,3.4619208003957596,HAM
674,130.0,126.0,8461.0,9304.0,53.0,39.0,False,False,4,3,4.0,HAM
675,133.06666666666666,126.9,8599.766666666666,9447.55,56.833333333333336,44.4,False,False,4,3,6.166666666666657,HAM
676,134.0,128.0,8642.0,9623.0,58.0,51.0,False,False,4,3,6.0,HAM
677,138.1,130.82,8953.6,9652.14,68.47777777777777,54.76,False,False,4,3,7.280000000000001,HAM
678,143.0,131.0,9326.0,9654.0,81.0,55.0,False,False,4,3,12.0,HAM
679,145.1,135.1125,9528.65,10012.9625,82.575,59.7,False,False,4,3,9.987499999999983,HAM
680,147.0,138.0,9712.0,10265.0,84.0,63.0,False,False,4,3,9.0,HAM
681,157.4,138.9,10101.6,10337.9,92.8,65.0,False,False,4,3,18.5,HAM
682,160.0,147.0,10199.0,10994.0,95.0,83.0,False,False,4,3,13.0,HAM
683,166.2499968,151.26666666666668,10651.3435184,11407.866666666667,98.906248,87.8,False,False,4,3,14.983330133333311,HAM
684,168.0,155.0,10778.0,11770.0,100.0,92.0,False,False,4,3,13.0,HAM
685,175.26785462857143,163.05714285714285,11098.446317714286,11575.285714285714,100.0,97.37142857142857,False,False,4,3,12.210711771428578,HAM
686,179.0,167.0,11263.0,11480.0,100.0,100.0,False,False,4,3,12.0,HAM
687,183.1249984,167.0,11534.791561244445,11193.56,100.0,100.0,False,False,4,3,16.12499840000001,HAM
688,188.0,167.0,11856.0,11139.0,100.0,100.0,False,False,4,4,21.0,HAM
689,191.2499968,179.0,11435.531664,11620.0,100.0,100.0,False,False,4,4,12.249996799999991,HAM
690,195.2499968,180.51666666666668,10918.031664,11641.933333333332,100.0,100.0,False,False,4,4,14.733330133333311,HAM
691,196.0,192.0,10821.0,11808.0,100.0,100.0,False,False,4,4,4.0,HAM
692,201.04,192.15,10964.28,11752.0,100.0,100.0,False,False,4,4,8.889999999999986,HAM
693,203.0,195.0,11020.0,10688.0,100.0,100.0,False,False,5,5,8.0,HAM
694,207.0,199.75714285714287,11339.0,10902.07142857143,100.0,100.0,False,False,5,5,7.242857142857133,HAM
695,207.96,204.0,11372.84,11093.0,100.0,100.0,False,False,5,5,3.960000000000008,HAM
696,215.0,205.46999808,11621.0,11126.80995584,100.0,100.0,False,False,5,5,9.53000191999999,HAM
697,216.575,210.0,11033.0,11231.0,100.0,100.0,False,False,5,5,6.574999999999989,HAM
698,218.0,212.07777777777778,10501.0,11129.18888888889,100.0,100.0,False,False,5,5,5.922222222222217,HAM
699,223.0,219.4111111111111,10627.0,10769.855555555556,100.0,100.0,False,False,6,5,3.588888888888903,HAM
700,223.94285714285715,221.0,10666.914285714285,10692.0,100.0,100.0,False,False,6,5,2.94285714285715,HAM
701,229.0,226.0,10881.0,10694.0,100.0,100.0,False,False,6,6,3.0,HAM
702,230.3125,226.52664608500328,10936.3875,10721.21004772517,100.0,100.0,False,False,6,6,3.7858539149967214,HAM
703,234.0,231.04075538503145,11092.0,10954.439028226625,100.0,100.0,False,False,6,6,2.9592446149685543,HAM
704,234.44,232.0,11116.2,11004.0,100.0,100.0,False,False,6,6,2.4399999999999977,HAM
705,236.0,236.90714697142857,11202.0,11190.471584914285,100.0,100.0,False,False,6,6,-0.907146971428574,RUS
706,236.64500096,238.0,11221.99502976,11232.0,100.0,100.0,False,False,6,6,-1.3549990399999956,RUS
707,239.0,238.6875008,11295.0,11216.8749824,100.0,78.6874752,False,False,6,6,0.31249919999999065,HAM
708,237.96,239.0,11148.88,11210.0,75.82,69.0,False,False,6,6,-1.039999999999992,RUS
709,235.0,239.0,10733.0,11121.28567222857,7.0,2.4642541714285784,True,False,6,6,-4.0,RUS
710,233.35,239.0,10790.3,11118.0,5.95,0.0,True,False,6,6,-5.650000000000006,RUS
711,224.0,225.0,11115.0,11067.0,0.0,0.0,True,True,6,6,-1.0,RUS
712,214.0,224.1749824,11483.0,11053.687216,0.0,0.0,True,True,6,6,-10.174982400000005,RUS
713,213.28,203.0,11421.32,10712.0,0.0,0.0,True,True,6,5,10.280000000000001,HAM
714,208.0,197.062496,10969.0,10393.1560352,0.0,0.0,True,True,5,5,10.93750399999999,HAM
715,205.8924736017265,193.0,10850.075296097422,10175.0,0.0,0.0,True,True,5,5,12.892473601726493,HAM
716,203.9103935976158,185.2749952,10738.22935300832,9937.4561024,0.0,39.5906496,True,True,5,5,18.635398397615802,HAM
717,201.0,185.0,10574.0,9929.0,0.0,41.0,False,False,5,5,16.0,HAM
718,198.968752,185.47727301818182,10583.7499904,10036.86370210909,6.4999936,55.31819054545455,False,False,5,5,13.491478981818176,HAM
719,196.0,186.0,10598.0,10155.0,16.0,71.0,False,False,5,5,10.0,HAM
720,192.14583466666667,189.0,10489.3125376,10459.0,44.52082346666667,80.0,False,False,5,5,3.1458346666666728,HAM
721,191.0,189.18672582634292,10457.0,10472.92974664518,53.0,80.33610648741724,False,False,5,5,1.8132741736570779,HAM
722,193.0,194.0,10713.0,10832.0,71.0,89.0,False,False,5,5,-1.0,RUS
723,193.48214217142856,196.125,10709.946432914287,10904.4625,71.64285622857143,91.3375,False,False,5,5,-2.6428578285714366,RUS
724,196.0,204.0,10694.0,11173.0,75.0,100.0,False,False,5,5,-8.0,RUS
725,196.52631444210527,206.2,10726.960441936842,11292.68,75.82236631578948,100.0,False,False,5,5,-9.673685557894714,RUS
726,209.55789473684212,209.0,11543.063157894736,11445.0,96.18421052631578,100.0,False,False,5,5,0.5578947368421154,HAM
727,212.0,214.0,11696.0,11689.0,100.0,100.0,False,False,5,5,-2.0,RUS
728,214.6249984,215.8,11364.375202133333,11742.1,100.0,100.0,False,False,5,5,-1.1750016000000016,RUS
729,221.0,218.0,10559.0,11807.0,100.0,100.0,False,False,6,5,3.0,HAM
730,222.1249984,218.23333333333332,10582.906216,11674.0,100.0,100.0,False,False,6,5,3.8916650666666897,HAM
731,225.0,220.0,10644.0,10667.0,100.0,100.0,False,False,6,6,5.0,HAM
732,231.0,220.2,10944.0,10673.84,100.0,100.0,False,False,6,6,10.800000000000011,HAM
733,231.0,222.7,10947.05,10759.34,100.0,100.0,False,False,6,6,8.300000000000011,HAM
734,231.0,225.0,11066.0,10838.0,100.0,100.0,False,False,6,6,6.0,HAM
735,236.0,228.375,11278.0,10889.975,100.0,100.0,False,False,6,6,7.625,HAM
736,238.7,230.0,11392.75,10915.0,100.0,100.0,False,False,6,6,8.699999999999989,HAM
737,240.59374880000001,231.85,11473.234324,11061.15,100.0,100.0,False,False,6,6,8.74374880000002,HAM
738,242.0,233.0,11533.0,11152.0,100.0,100.0,False,False,6,6,9.0,HAM
739,244.325,236.5,11586.475,11246.5,100.0,100.0,False,False,6,6,7.824999999999989,HAM
740,248.0,238.0,11671.0,11287.0,100.0,100.0,False,False,6,6,10.0,HAM
741,251.78571337142859,239.4,10500.268139885715,11348.2,100.0,100.0,False,False,6,6,12.38571337142858,HAM
742,252.0,242.5818181818182,10434.0,11487.290909090909,100.0,100.0,False,False,7,6,9.418181818181807,HAM
743,254.265624,245.0,10534.1405808,11593.0,100.0,100.0,False,False,7,6,9.265624000000003,HAM
744,255.703124,248.65555555555557,10597.6780808,11047.277777777777,100.0,100.0,False,False,7,6,7.047568444444437,HAM
