Point_Index,VER_Speed,NOR_Speed,VER_RPM,NOR_RPM,VER_Throttle,NOR_Throttle,VER_Brake,NOR_Brake,VER_nGear,NOR_nGear,Speed_Gap_kmh,Speed_Leader
0,274.1937504,276.7125024,10928.0,11021.546956,100.0,99.0,False,False,7,7,-2.5187520000000063,NOR
1,275.0,277.4624992,10928.0,11046.859348,100.0,99.0,False,False,7,7,-2.4624992000000248,NOR
2,279.6149567849231,278.0,11094.797723797934,11065.0,100.0,99.0,False,False,7,7,1.6149567849230948,VER
3,282.0,280.0,11181.0,11185.0,100.0,99.0,False,False,7,7,2.0,VER
4,282.0,280.08500096,11189.341659733333,11190.35506048,100.0,99.0,False,False,7,7,1.9149990399999979,VER
5,282.0,280.98499968,11207.0,11247.05497984,100.0,99.0,False,False,7,7,1.0150003200000128,VER
6,287.0,281.0,11307.0,11248.0,100.0,99.0,False,False,7,7,6.0,VER
7,287.57749952,284.1711923612603,11334.33497728,11346.30696319907,100.0,99.0,False,False,7,7,3.4063071587397076,VER
8,288.02750144,286.8016684356852,11355.63506816,11427.851721506242,100.0,99.0,False,False,7,7,1.2258330043147794,VER
9,289.97749952,288.0,11447.93497728,11465.0,100.0,99.0,False,False,7,7,1.9774995199999807,VER
10,290.0,288.6125008,11449.0,11512.1625616,100.0,99.0,False,False,7,7,1.3874991999999793,VER
11,292.0,289.0,11508.0,11542.0,100.0,99.0,False,False,7,7,3.0,VER
12,292.1781256,290.64166613333333,11516.7281544,11565.804158933333,100.0,99.0,False,False,7,7,1.5364594666666562,VER
13,293.0,291.0,11557.0,11571.0,100.0,99.0,False,False,7,7,2.0,VER
14,293.80833493333336,291.0,11592.970904533333,11636.0,100.0,99.0,False,False,7,7,2.808334933333356,VER
15,295.0,291.69999941818185,11646.0,11448.050156218182,100.0,99.0,False,False,7,7,3.3000005818181535,VER
16,296.14166826666667,294.7909085090909,11247.177218844445,10618.141065309092,100.0,99.0,False,False,7,7,1.3507597575757586,VER
17,297.64166613333333,295.0,10723.177964088889,10562.0,100.0,99.0,False,False,7,7,2.641666133333331,VER
18,298.0,296.54999954285717,10598.0,10477.525024914286,100.0,99.77499977142857,False,False,7,7,1.4500004571428349,VER
19,298.44250048,297.0,10642.250048,10453.0,100.0,100.0,False,False,7,8,1.4425004799999783,VER
20,299.0,297.2312496,10698.0,10463.406232,100.0,99.8843752,False,False,8,8,1.7687503999999876,VER
21,300.2843768,298.3562496,10688.1531112,10514.031232,100.0,99.3218752,False,False,8,8,1.9281272000000058,VER
22,302.0,299.0,10675.0,10543.0,100.0,99.0,False,False,8,8,3.0,VER
23,302.0,300.4624992,10685.687536,10578.8312304,100.0,99.0,False,False,8,8,1.5375007999999752,VER
24,302.0,301.0,10705.0,10592.0,100.0,99.0,False,False,8,8,1.0,VER
25,302.76999936,302.0,10733.48997632,10629.0,100.0,99.0,False,False,8,8,0.7699993599999857,VER
26,304.0,302.8722218666667,10779.0,10650.369435733333,100.0,99.0,False,False,8,8,1.1277781333333223,VER
27,304.90416746666665,304.0,10845.908392533333,10678.0,100.0,99.0,False,False,8,8,0.9041674666666495,VER
28,305.0,304.58499968,10853.0,10705.49498496,100.0,99.0,False,False,8,8,0.4150003199999901,VER
29,306.0,305.38499968,10882.0,10743.09498496,100.0,99.0,False,False,8,8,0.6150003199999787,VER
30,306.55,306.0,10903.45,10772.0,100.0,99.0,False,False,8,8,0.5500000000000114,VER
31,307.0,307.3562496,10921.0,10797.7687424,100.0,99.0,False,False,8,8,-0.3562496000000124,NOR
32,307.0,308.0,10917.5,10810.0,100.0,99.0,False,False,8,8,-1.0,NOR
33,307.0,308.4041664,10906.0,10822.9333248,100.0,99.0,False,False,8,8,-1.4041664000000083,NOR
34,307.15062757472737,308.5708330666667,10909.91631694291,10828.266658133334,100.0,99.0,False,False,8,8,-1.4202054919393277,NOR
35,308.0,309.0,10932.0,10842.0,100.0,99.0,False,False,8,8,-1.0,NOR
36,308.7312496,309.5863639272727,10968.56248,10877.768199563636,100.0,99.0,False,False,8,8,-0.8551143272727018,NOR
37,309.0,309.9500002909091,10982.0,10899.950017745454,100.0,99.0,False,False,8,8,-0.9500002909090881,NOR
38,310.0,310.0,10990.0,10903.0,100.0,99.0,False,False,8,8,0.0,NOR
39,310.26944426666665,310.49433142774876,10997.544439466667,10937.603199942414,100.0,99.0,False,False,8,8,-0.22488716108210838,NOR
40,311.0,311.0,11018.0,10973.0,100.0,99.0,False,False,8,8,0.0,NOR
41,311.06071405714283,311.3562512,11021.460701257143,10973.0,100.0,99.0,False,False,8,8,-0.2955371428571425,NOR
42,311.9178569142857,312.0,11070.317844114286,10973.0,100.0,99.0,False,False,8,8,-0.08214308571427864,NOR
43,312.0,312.0,11075.0,10980.0,100.0,99.0,False,False,8,8,0.0,NOR
44,312.0,312.0,11033.7531384,10985.343768,100.0,99.0,False,False,8,8,0.0,NOR
45,312.0,312.0,11008.0,10995.0,100.0,99.0,False,False,8,8,0.0,NOR
46,312.2374997333333,312.0,11026.049979733334,10992.196429714286,100.0,99.0,False,False,8,8,0.23749973333332264,VER
47,313.0,312.0,11084.0,10990.0,100.0,99.0,False,False,8,8,1.0,VER
48,313.0,311.5895834666667,11070.014275657142,10966.195841066667,100.0,99.0,False,False,8,8,1.4104165333333185,VER
49,313.0,311.2562501333333,11062.0,10946.862507733333,100.0,99.0,False,False,8,8,1.7437498666666897,VER
50,313.0,311.0,11068.105277713956,10932.0,100.0,99.0,False,False,8,8,2.0,VER
51,313.0,310.5093752,11089.157913025225,10921.2062544,100.0,99.0,False,False,8,8,2.4906247999999778,VER
52,313.0,310.0,11100.0,10910.0,100.0,99.0,False,False,8,8,3.0,VER
53,313.0,309.1343752,11191.8374752,10908.2687504,100.0,99.0,False,False,8,8,3.8656247999999778,VER
54,313.0,309.0,11193.0,10908.0,100.0,99.0,False,False,8,8,4.0,VER
55,310.0,308.28412215547684,10970.0,10866.479085017656,100.0,99.0,False,False,8,8,1.7158778445231633,VER
56,309.91499904,308.0,10966.00495488,10850.0,100.0,99.0,False,False,8,8,1.9149990399999979,VER
57,309.0,307.0,10923.0,10746.0,100.0,85.0,False,False,8,8,2.0,VER
58,308.0375008,305.0285696,10905.354181333334,10571.5284096,100.0,47.0499648,False,False,8,8,3.0089311999999495,VER
59,306.0,303.0,10868.0,10392.0,100.0,8.0,False,False,8,8,3.0,VER
60,304.89000192,301.3375018666667,10843.9500416,10680.562176,82.61003008,6.100002133333334,False,False,8,8,3.55250005333329,VER
61,300.0,300.1708352,10738.0,10883.062176,6.0,4.7666688,True,False,8,8,-0.17083519999999908,NOR
62,295.63499136,296.0,10504.95703872,11607.0,4.7874976,0.0,True,True,8,8,-0.365008639999985,NOR
63,284.83499136,293.687504,9928.35703872,11529.531384,1.7874976,0.0,True,True,8,8,-8.852512639999986,NOR
64,282.0,286.0,9777.0,11272.0,1.0,0.0,True,True,8,7,-4.0,NOR
65,267.0,275.0,10322.0,10788.0,0.0,0.0,True,True,8,7,-8.0,NOR
66,258.0,271.531256,10147.0,10796.7874848,0.0,0.0,True,True,8,7,-13.531255999999985,NOR
67,254.9937552,252.78125599999998,10169.739544,10844.2874848,0.0,0.0,True,True,8,7,2.2124992000000248,VER
68,224.1187344,245.0,10403.281368,10864.0,0.0,0.0,True,True,8,7,-20.881265600000006,NOR
69,219.0,237.0,10442.0,11704.0,0.0,0.0,True,True,6,6,-18.0,NOR
70,214.55415786666666,232.87500342857143,10267.3996544,11513.150158628572,0.4041674666666667,0.0,True,True,6,6,-18.320845561904775,NOR
71,208.0,224.30357485714285,10010.0,11116.578730057143,1.0,0.0,True,True,5,6,-16.30357485714285,NOR
72,206.33500288,222.0,9946.54510976,11010.0,1.0,0.0,True,True,5,5,-15.66499712000001,NOR
73,199.0,204.27000576,9667.0,11360.65988608,1.0,0.0,True,True,5,5,-5.270005760000004,NOR
74,195.47083626666668,204.0,9567.541749333333,11366.0,1.0,0.0,True,True,5,5,-8.52916373333332,NOR
75,188.0,192.8625024,9357.0,11261.1218976,1.0,0.0,True,True,5,5,-4.862502400000011,NOR
76,182.9535734857143,192.0,9087.296538514285,11253.0,2.121428114285714,0.0,True,True,5,4,-9.046426514285713,NOR
77,179.0,187.31944533333333,8876.0,10925.361173333333,3.0,0.0,False,True,5,4,-8.319445333333334,NOR
78,177.2678537142857,187.0,8790.085544228572,10903.0,3.0,0.0,False,False,5,4,-9.732146285714293,NOR
79,174.05357257142856,181.66500352,8630.657199542857,10690.57014016,3.0,1.45499904,False,False,5,4,-7.611430948571439,NOR
80,174.0,176.0,8628.0,10465.0,3.0,3.0,False,False,5,4,-2.0,NOR
81,170.6,173.26000128,8503.333333333334,10251.28009984,6.966666666666667,3.0,False,False,5,4,-2.6600012800000172,NOR
82,168.0,172.0,8408.0,10153.0,10.0,3.0,False,False,5,4,-4.0,NOR
83,167.15,171.0,8476.85,10387.0,32.525,26.0,False,False,5,4,-3.8499999999999943,NOR
84,166.025,171.0,8567.975,10413.464256,62.3375,34.9571328,False,False,5,4,-4.974999999999994,NOR
85,166.0,171.0,8570.0,10506.785773714286,63.0,66.54287725714286,False,False,5,4,-5.0,NOR
86,168.30640627406686,171.0,8769.88854375246,10517.0,68.38161463948931,70.0,False,False,5,4,-2.693593725933141,NOR
87,169.0,174.59183493396245,8830.0,10868.550844161573,70.0,77.18366986792488,False,False,5,4,-5.591834933962446,NOR
88,172.6374976,178.94557706239667,9034.60924,11294.673354982075,78.4874944,85.89115412479335,False,False,5,4,-6.308079462396677,NOR
89,181.0,179.0,9505.0,11300.0,98.0,86.0,False,False,5,4,2.0,VER
90,182.76999936,186.0,9758.99490816,11475.0,99.76999936,91.0,False,False,5,4,-3.230000639999986,NOR
91,183.0,186.7125024,9792.0,11581.5191088,100.0,90.6437488,False,False,5,4,-3.7125024000000053,NOR
92,190.0,188.0,10058.0,11774.0,100.0,90.0,False,False,5,4,2.0,VER
93,194.281248,191.24999822222222,10254.0811584,11904.32492871111,100.0,92.59999857777778,False,False,5,4,3.031249777777788,VER
94,195.0,196.25000533333332,10287.0,12104.825213866667,100.0,96.60000426666667,False,False,5,4,-1.2500053333333199,NOR
95,201.0,198.0,10639.0,12175.0,100.0,98.0,False,False,5,4,3.0,VER
96,204.39499776,202.11000576,10785.95490304,11311.8987904,100.0,98.0,False,False,5,4,2.2849919999999884,VER
97,206.49499776,204.0,10876.85490304,10915.0,100.0,98.0,False,False,5,5,2.4949977599999897,VER
98,208.0,207.1607177142857,10942.0,11143.835962514286,100.0,98.63214354285714,False,False,5,5,0.8392822857142903,VER
99,214.19499776,209.0,10970.31998976,11277.0,100.0,99.0,False,False,5,5,5.194997760000007,VER
100,215.0,216.08000768,10974.0,11396.4751296,100.0,99.0,False,False,5,5,-1.0800076799999943,NOR
101,219.4500032,217.0,11226.9085152,11412.0,100.0,99.0,False,False,5,5,2.4500031999999976,VER
102,221.0,224.48889315555556,11315.0,11675.04737208889,100.0,99.0,False,False,5,5,-3.4888931555555587,NOR
103,227.08163614790183,225.0,11608.94574714859,11693.0,100.0,99.0,False,False,5,5,2.0816361479018326,VER
104,230.0,230.1375072,11750.0,10943.7802,100.0,99.0,False,False,5,5,-0.1375071999999875,NOR
105,231.4250048,231.0,11493.499136,10818.0,100.0,99.0,False,False,5,5,0.4250048000000106,VER
106,237.0,236.0,10490.0,10733.0,100.0,100.0,False,False,5,6,1.0,VER
107,240.4250048,236.2375008,10811.9504512,10764.1126048,100.0,99.7624992,False,False,5,6,4.187504000000018,VER
108,241.0,236.98749973333332,10866.0,10862.362465066666,100.0,99.01250026666666,False,False,6,6,4.012500266666677,VER
109,245.72500305454545,237.0,11048.925118254545,10864.0,100.0,99.0,False,False,6,6,8.725003054545454,VER
110,248.0,241.66666972520838,11137.0,10924.666706427708,100.0,99.0,False,False,6,6,6.333330274791621,VER
111,248.0,243.0,11201.7624736,10942.0,100.0,99.0,False,False,6,6,5.0,VER
112,248.0,243.5437512,11203.0,10993.2938632,100.0,99.0,False,False,6,6,4.456248799999997,VER
113,248.0,245.9812488,11194.0,11223.2311368,92.0,99.0,False,False,6,6,2.018751199999997,VER
114,248.0,246.0,11243.0,11225.0,80.0,99.0,False,False,6,6,2.0,VER
115,248.83571382857144,246.34249984,11219.182155885714,11239.38499328,80.41785691428572,90.437504,False,False,6,6,2.493213988571455,VER
116,250.0,246.84249984,11186.0,11260.38499328,81.0,77.937504,False,False,6,6,3.157500160000012,VER
117,249.81500032,247.0,11190.99499136,11267.0,81.9249984,74.0,False,False,6,6,2.815000319999996,VER
118,249.0,246.0,11213.0,11266.0,86.0,80.0,False,False,6,6,3.0,VER
119,248.81500032,245.15357165714286,11206.5250112,11180.510737371429,87.10999808,57.146434742857146,False,False,6,6,3.6614286628571335,VER
120,248.0,245.0,11178.0,11165.0,92.0,53.0,False,False,6,6,3.0,VER
121,248.58499968,243.4777784888889,11136.46502272,11127.705572977779,92.0,59.46944142222222,False,False,6,6,5.107221191111108,VER
122,249.0,242.3666673777778,11107.0,11100.483350755556,92.0,64.19166364444445,False,False,6,6,6.633332622222213,VER
123,247.6916672,241.0,10992.52088,11067.0,40.3208544,70.0,False,False,6,6,6.691667200000012,VER
124,247.0,241.8562496,10932.0,10873.4875904,13.0,54.587507200000005,True,False,6,6,5.143750399999988,VER
125,234.16250346666666,242.0,10347.400157866667,10841.0,9.050001066666667,52.0,True,False,6,6,-7.837496533333336,NOR
126,234.0,234.0857161142857,10340.0,11658.1498112,9.0,0.5571547428571364,True,False,6,6,-0.08571611428570236,NOR
127,230.45999616,234.0,10126.71476864,11667.0,20.505012479999998,0.0,True,True,6,6,-3.540003839999997,NOR
128,230.0,226.03500288,10099.0,11736.02997504,22.0,0.0,False,True,6,6,3.9649971199999925,VER
129,224.0,225.0,10076.0,11745.0,64.0,0.0,False,True,6,5,-1.0,NOR
130,223.2687504,222.46071497142856,10088.4312432,11454.6750784,69.8499968,6.771426742857143,False,True,6,5,0.8080354285714293,VER
131,223.0,222.0,10093.0,11402.0,72.0,8.0,False,False,6,5,1.0,VER
132,223.58499968,217.00277902222223,10129.85497984,11464.108317866667,85.45499264,57.25832106666667,False,False,6,5,6.582220657777782,VER
133,224.0,215.05833457777777,10156.0,11488.274984533333,95.0,76.42498773333334,False,False,6,5,8.94166542222223,VER
134,224.04250048,215.0,10165.01010176,11489.0,95.2125024,77.0,False,False,6,5,9.042500480000001,VER
135,224.84,216.9812496,10334.08,11556.3624864,99.2,97.8031208,False,False,6,5,7.858750399999991,VER
136,225.0,217.0,10368.0,11557.0,100.0,98.0,False,False,6,5,8.0,VER
137,230.0,220.0,10406.0,11672.0,100.0,98.0,False,False,6,5,10.0,VER
138,230.08,220.0,10403.6,11705.6374448,100.0,98.0,False,False,6,5,10.080000000000013,VER
139,231.0,220.0,10376.0,11741.0,100.0,98.0,False,False,6,5,11.0,VER
140,230.14689886245753,224.82243326054743,10606.977132989623,11846.289792855287,81.44505025845135,98.0,False,False,6,5,5.324465601910106,VER
141,227.10010908552016,226.0,11431.895465095418,11872.0,15.177372610063287,98.0,False,False,6,5,1.1001090855201596,VER
142,227.0,227.25357074285714,11459.0,11987.328508342856,13.0,94.65714468571429,False,False,6,5,-0.25357074285713566,NOR
143,221.83750186666666,229.0,11222.631335466667,12148.0,26.643745066666668,90.0,False,False,6,5,-7.162498133333344,NOR
144,217.1708352,229.69285851428572,11008.9646688,12044.417652114285,38.977078399999996,76.48925897142857,False,False,6,5,-12.522023314285718,NOR
145,213.0,231.0,10818.0,11849.0,50.0,51.0,False,False,5,5,-18.0,NOR
146,213.0,229.0750016,10876.391618133333,11681.5251392,56.20277262222222,35.92084586666667,False,False,5,5,-16.075001600000007,NOR
147,213.0,225.0,11059.149902933334,11327.0,75.61665635555556,4.0,False,False,5,5,-12.0,NOR
148,213.0,224.91499904,11091.0,11290.78959104,79.0,5.1900134399999995,False,False,5,5,-11.914999039999998,NOR
149,214.0,224.0,11186.0,10901.0,87.0,18.0,False,False,5,5,-10.0,NOR
150,214.90342896516964,220.5749952,11223.221273364989,10986.62512,89.34891530944105,18.8562512,False,False,5,5,-5.671566234830351,NOR
151,218.95327002183578,216.0,11390.074724899634,11101.0,99.878502056773,20.0,False,False,5,5,2.9532700218357775,VER
152,219.0,211.6125024,11392.0,10864.8063792,100.0,21.4624992,False,False,5,5,7.387497599999989,VER
153,223.0,210.0,11392.0,10778.0,100.0,22.0,False,False,5,5,13.0,VER
154,223.52857051428572,208.19166506666667,11392.0,11020.316881066667,100.0,53.64586133333333,False,False,5,5,15.336905447619046,VER
155,226.6714313142857,208.0,11392.0,11046.0,100.0,57.0,False,False,5,5,18.671431314285712,VER
156,227.0,207.0,11392.0,11069.0,100.0,74.0,False,False,5,5,20.0,VER
157,228.12142811428572,208.61666986666665,11290.510755657142,11121.945938133333,47.85359268571429,83.7000192,False,False,5,5,19.504758247619066,VER
158,229.0,210.61666986666665,11211.0,11187.445938133333,7.0,95.7000192,True,False,5,5,18.383330133333345,VER
159,227.28214582857143,211.0,11125.371576685715,11200.0,7.792855771428571,98.0,True,False,5,5,16.28214582857143,VER
160,216.0,213.9624992,10563.0,11370.63995392,13.0,98.59249984,True,False,5,5,2.0375008000000037,VER
161,212.5749952,216.0,10381.4747456,11488.0,21.562511999999998,99.0,True,False,5,5,-3.4250048000000106,NOR
162,210.0,217.43011201603164,10245.0,11525.591515849976,28.0,97.56988798396834,True,False,5,5,-7.430112016031643,NOR
163,205.88999424,221.94623358939444,10254.59001344,11644.30099720694,28.68500096,93.05376641060556,True,False,5,5,-16.056239349394446,NOR
164,204.0,223.0,10259.0,11672.0,29.0,92.0,False,False,5,5,-19.0,NOR
165,199.47916266666667,223.82499946666667,10173.104090666666,11482.250122666666,46.17918186666667,48.275028266666666,False,False,5,5,-24.3458368,NOR
166,199.0,224.0,10164.0,11442.0,48.0,39.0,False,False,5,5,-25.0,NOR
167,199.0,218.28889031111112,10023.0,11209.272280177778,40.0,11.158340266666666,False,False,5,5,-19.288890311111118,NOR
168,197.0,216.0,10023.0,11116.0,40.0,0.0,False,False,5,5,-19.0,NOR
169,196.81785508571429,214.81250133333333,10026.278608457143,11056.387566933334,41.94287908571429,0.0,False,False,5,5,-17.994646247619045,NOR
170,194.46071497142856,211.0,10068.707130514285,10865.0,67.08570697142858,0.0,False,False,5,5,-16.53928502857144,NOR
171,194.0,209.9593768,10077.0,10832.8563056,72.0,0.9249984,False,False,5,5,-15.959376800000001,NOR
172,195.45500288,203.2093768,10147.3251392,10624.3563056,75.88000768,6.9249984,False,False,5,5,-7.754373920000006,NOR
173,197.0,202.0,10222.0,10587.0,80.0,8.0,False,False,5,5,-5.0,NOR
174,197.8562512,201.0,10418.937776,10388.0,87.7062608,22.0,False,False,5,5,-3.1437487999999973,NOR
175,198.0,200.6812512,10452.0,10394.906224,89.0,22.8499968,False,False,5,5,-2.6812511999999913,NOR
176,199.0,198.0,10581.0,10453.0,94.0,30.0,False,False,5,5,1.0,VER
177,204.2333312,197.3666673777778,10793.822135466668,10392.991734044444,96.6166656,26.991670044444444,False,False,5,5,6.866663822222222,VER
178,211.0,194.7000007111111,11069.0,10140.325067377778,100.0,14.325003377777778,False,False,5,5,16.2999992888889,VER
179,213.0,194.0,11244.0,10074.0,100.0,11.0,False,False,5,5,19.0,VER
180,213.4250048,192.0,11251.5438352,10162.0,100.0,40.0,False,False,5,5,21.42500480000001,VER
181,217.0,191.0375008,11315.0,10129.7562768,100.0,48.662492799999995,False,False,5,5,25.962499199999996,VER
182,218.12,190.0,11330.12,10095.0,100.0,58.0,False,False,5,5,28.120000000000005,VER
183,221.0,192.4249984,11369.0,10246.5624,100.0,64.6687456,False,False,5,5,28.575001600000007,VER
184,221.7,194.0,11243.233333333334,10345.0,100.0,69.0,False,False,5,5,27.69999999999999,VER
185,224.0,198.7468736,10830.0,10614.8936704,100.0,88.66561920000001,False,False,5,5,25.253126400000014,VER
186,224.0,201.0,10501.0,10743.0,100.0,98.0,False,False,6,5,23.0,VER
187,226.74444444444444,202.70999808,10523.377777777778,10812.53992192,97.04444444444445,98.0,False,False,6,5,24.03444636444445,VER
188,237.0,207.0,10607.0,10987.0,86.0,98.0,False,False,6,5,30.0,VER
189,237.0,208.2124992,10619.100498620945,11122.1936608,84.030151387288,98.0,False,False,6,5,28.787500800000004,VER
190,237.0,209.0,10650.0,11210.0,79.0,98.0,False,False,6,5,28.0,VER
191,237.0,217.8687544,10689.64997831111,11462.356375200001,80.62499911111111,98.8062504,False,False,6,5,19.1312456,VER
192,237.0,220.0,10764.205533866667,11523.0,83.68055466666667,99.0,False,False,6,5,17.0,VER
193,237.0,224.12499733333334,10772.0,11786.174829866666,84.0,99.0,False,False,6,5,12.87500266666666,VER
194,238.0,225.0,10830.0,11842.0,87.0,99.0,False,False,6,5,13.0,VER
195,238.0,225.0,10842.25498624,11784.96268666229,90.13499648,99.0,False,False,6,5,13.0,VER
196,238.0,225.0,10873.0,11755.0,98.0,99.0,False,False,6,5,13.0,VER
197,238.33999872,228.9142912,10886.1749504,11208.4670912,98.16999936,92.14999040000001,False,False,6,5,9.425707520000003,VER
198,242.0,233.0,11028.0,10638.0,100.0,85.0,False,False,6,6,9.0,VER
199,242.13214262857142,233.41785691428572,11035.135701942858,10655.132133485715,100.0,80.82143085714286,False,False,6,6,8.714285714285694,VER
200,242.92142902857142,234.0,11077.757167542857,10679.0,100.0,75.0,False,False,6,6,8.921429028571424,VER
201,243.0,233.7687504,11082.0,10688.9437328,100.0,75.4624992,False,False,6,6,9.231249600000012,VER
202,247.0,233.0,11138.0,10722.0,100.0,77.0,False,False,6,6,14.0,VER
203,247.58999936,233.48749973333332,11138.0,10739.062490666667,100.0,79.92499839999999,False,False,6,6,14.102499626666685,VER
204,248.0,234.0,11138.0,10757.0,100.0,83.0,False,False,6,6,14.0,VER
205,248.22430070515654,234.1062512,11151.121591251656,10774.6376992,100.0,83.6375072,False,False,6,6,14.118049505156534,VER
206,251.21495550703162,235.0,11326.07489716135,10923.0,100.0,89.0,False,False,6,6,16.21495550703162,VER
207,252.0,235.69285851428572,11372.0,10976.3501056,100.0,92.46429257142857,False,False,6,6,16.307141485714283,VER
208,254.05500288,237.0,11436.39009024,11077.0,100.0,99.0,False,False,6,6,17.05500287999999,VER
209,257.35499904,239.0,11539.78996992,11059.0,100.0,100.0,False,False,6,6,18.354999039999996,VER
210,258.0,239.82499931428572,11560.0,11095.5749696,100.0,99.72500022857143,False,False,6,6,18.17500068571428,VER
211,258.9812496,242.0,11568.8312464,11192.0,100.0,99.0,False,False,6,6,16.981249600000012,VER
212,260.0,243.94999893333335,11578.0,11269.999957333333,100.0,99.0,False,False,6,6,16.050001066666653,VER
213,264.640628,246.0,10626.67126,11352.0,100.0,99.0,False,False,6,6,18.640627999999992,VER
214,265.0,247.25357074285714,10553.0,11375.3999872,100.0,99.0,False,False,7,6,17.746429257142864,VER
215,269.0500026181818,249.0,10742.000122181818,11408.0,100.0,99.0,False,False,7,6,20.050002618181793,VER
216,271.0,252.87500342857143,10833.0,11580.825152914285,100.0,99.77500068571429,False,False,7,6,18.124996571428568,VER
217,271.3083328,254.0,10845.6416448,11631.0,100.0,100.0,False,False,7,6,17.308332800000017,VER
218,273.0,255.0,10915.0,11731.0,100.0,99.0,False,False,7,6,18.0,VER
219,274.0968744,257.1437528,10951.56248,11342.6744928,100.0,99.0,False,False,7,6,16.953121599999974,VER
220,276.0,262.0,11015.0,10463.0,100.0,99.0,False,False,7,6,14.0,VER
221,276.64166613333333,262.8083328,11024.411103288889,10516.3499648,100.0,99.4041664,False,False,7,6,13.833333333333314,VER
222,278.64166613333333,264.0,11053.744436622223,10595.0,100.0,100.0,False,False,7,7,14.641666133333331,VER
223,279.0,265.68214217142855,11059.0,10657.7999744,100.0,99.43928594285714,False,False,7,7,13.317857828571448,VER
224,281.0,267.0,11141.0,10707.0,100.0,99.0,False,False,7,7,14.0,VER
225,281.08500096,268.15499904,11144.06003456,10752.81496192,100.0,99.0,False,False,7,7,12.930001919999995,VER
226,282.0,270.0,11177.0,10826.0,100.0,99.0,False,False,7,7,12.0,VER
227,284.0,272.5285705142857,11239.0,10894.903546514286,100.0,99.0,False,False,7,7,11.471429485714282,VER
228,284.40714422857144,274.0,11254.878624914285,10935.0,100.0,99.0,False,False,7,7,10.40714422857144,VER
229,285.97857097142855,276.1545448727273,11316.164267885715,11029.7999744,100.0,99.0,False,False,7,7,9.824026098701268,VER
230,286.0,277.9727266909091,11317.0,11109.7999744,100.0,99.0,False,False,7,7,8.027273309090901,VER
231,287.0,278.0,11375.0,11111.0,100.0,99.0,False,False,7,7,9.0,VER
232,287.08500096,279.32749952,11377.125024,11172.9499776,100.0,99.0,False,False,7,7,7.757501439999999,VER
233,287.98,281.0,11399.5,11251.0,100.0,99.0,False,False,7,7,6.980000000000018,VER
234,288.0,282.36999936,11400.0,11279.76998656,100.0,99.0,False,False,7,7,5.630000639999992,VER
235,290.0,283.0,11446.0,11293.0,100.0,99.0,False,False,7,7,7.0,VER
236,290.28,284.0772724363636,11453.28,11382.413612218183,100.0,99.0,False,False,7,7,6.202727563636358,VER
237,291.0,285.0,11472.0,11459.0,100.0,99.0,False,False,7,7,6.0,VER
238,292.0,286.3562496,11500.0,11437.3000064,100.0,99.6781248,False,False,7,7,5.643750399999988,VER
239,292.0,287.0,11494.562675064035,11427.0,100.0,100.0,False,False,7,7,5.0,VER
240,292.0,288.0,11378.0,11455.0,100.0,100.0,False,False,7,7,4.0,VER
241,291.7687504,288.0,11334.7563248,11454.249994666667,81.7312816,100.0,False,False,7,7,3.7687503999999876,VER
242,291.0,288.0,11191.0,11445.0,21.0,100.0,False,False,7,7,3.0,VER
243,286.2906272,288.0,10902.01576,11448.471329910637,12.009379200000001,99.85536125372349,False,False,7,7,-1.7093727999999828,NOR
244,280.0,288.0,10516.0,11469.0,0.0,99.0,True,False,7,7,-8.0,NOR
245,278.67188,287.6437488,10554.9936032,11477.0750272,0.4249984,87.36246080000001,True,False,7,7,-8.971868800000038,NOR
246,263.04688,286.1437488,11013.7436032,11511.0750272,5.4249984,38.3624608,True,False,7,7,-23.09686880000004,NOR
247,255.0,285.0,11250.0,11537.0,8.0,1.0,True,False,7,7,-30.0,NOR
248,253.5750016,282.0,11187.3000704,10933.0,17.160704000000003,0.0,True,True,7,7,-28.424998399999993,NOR
249,248.5750016,280.7249856,10967.3000704,10910.7934992,49.30356114285715,0.0,True,True,7,7,-32.14998400000002,NOR
250,248.0,270.0,10942.0,10724.0,53.0,0.0,False,True,6,7,-22.0,NOR
251,244.2875024,264.1500032,10949.4249952,11327.13467008,57.9499968,0.0,False,True,6,7,-19.86250080000002,NOR
252,242.0,260.0,10954.0,11755.0,61.0,0.0,False,True,6,6,-18.0,NOR
253,242.97925230984293,259.1579517090909,10996.107849323247,11728.6374112,80.09542004193727,6.3477486545454544,False,True,6,6,-16.17869939924799,NOR
254,243.64315290108624,247.33976989090908,11024.655574746708,11358.6374112,93.04148157118183,95.43865774545455,False,True,6,6,-3.696616989822843,NOR
255,244.0,247.0,11040.0,11348.0,100.0,98.0,False,False,6,6,-3.0,NOR
256,242.18846227692308,247.0,10716.640516430769,11318.0,69.80770461538461,98.0,False,False,6,6,-4.811537723076924,NOR
257,239.88076996923076,247.0,10304.717439507693,11362.8625888,31.346166153846156,79.812464,False,False,6,6,-7.119230030769245,NOR
258,238.0,247.0,9969.0,11466.0,0.0,38.0,True,True,6,6,-9.0,NOR
259,231.89283657142857,240.07000576,9963.2999808,11336.25510784,0.0,25.29501056,True,True,6,6,-8.177169188571412,NOR
260,208.0,229.0,9941.0,11129.0,0.0,5.0,True,True,6,6,-21.0,NOR
261,200.68500608,225.41508370713612,10184.31979776,10827.867031399433,0.0,3.207541853568059,True,True,6,6,-24.730077627136126,NOR
262,189.0,219.0,10573.0,10289.0,0.0,0.0,True,True,5,6,-30.0,NOR
263,180.2250048,206.61001344,10081.6002688,10000.49031296,0.0,0.0,True,True,5,6,-26.385008639999995,NOR
264,165.0,198.0,9229.0,9800.0,0.0,0.0,True,True,4,6,-33.0,NOR
265,154.0,176.65834026666667,8672.0,10027.370759466667,0.0,0.0,True,True,4,6,-22.65834026666667,NOR
266,151.71999232,172.0,8560.56462464,10077.0,0.0,0.0,True,True,4,6,-20.28000768000001,NOR
267,146.0,161.38000384,8281.0,9446.88022784,0.0,0.0,True,True,4,6,-15.38000384,NOR
268,144.4250013090909,160.0,8242.150032290909,9365.0,0.8749992727272727,0.0,True,True,4,5,-15.574998690909098,NOR
269,137.87954676363637,153.0,8080.695486836364,9012.0,4.511362909090909,0.0,True,True,4,4,-15.12045323636363,NOR
270,137.0,151.0750016,8059.0,8873.01511552,5.0,0.0,False,True,4,4,-14.075001600000007,NOR
271,136.58214308571428,148.0,8079.892845714286,8651.0,19.207135085714285,0.0,False,True,4,4,-11.417856914285721,NOR
272,136.0,143.5750016,8109.0,8277.53013504,39.0,0.0,False,True,4,4,-7.575001600000007,NOR
273,135.84166613333332,143.0,8168.533533866666,8229.0,40.108337066666664,0.0,False,True,4,4,-7.1583338666666805,NOR
274,135.0,138.0,8485.0,8309.0,46.0,0.0,False,True,4,4,-3.0,NOR
275,136.515628,137.5375008,8671.422244,8292.3500288,55.093768,0.3083328,False,True,4,4,-1.0218728000000112,NOR
276,140.0,135.2875008,9100.0,8211.3500288,76.0,1.8083328,False,True,4,4,4.712499199999996,VER
277,142.77143405714287,135.0,9310.282559085714,8201.0,78.4250048,2.0,False,False,4,4,7.771434057142869,VER
278,147.9142838857143,133.52250048,9700.496289828572,8267.4874784,82.92499839999999,26.132492159999998,False,False,4,4,14.391783405714307,VER
279,148.0,132.0,9707.0,8336.0,83.0,51.0,False,False,4,4,16.0,VER
280,155.06499712,132.7194432,10276.90976768,8379.5777024,96.34499456,53.3638848,False,False,4,4,22.345553919999986,VER
281,157.0,137.38610986666666,10433.0,8662.244369066666,100.0,68.69721813333334,False,False,4,4,19.613890133333342,VER
282,162.26499712,139.0,10578.07992064,8760.0,100.0,74.0,False,False,4,4,23.264997120000004,VER
283,166.0,143.18610915555556,10681.0,9175.947027911112,100.0,80.46944142222222,False,False,4,4,22.813890844444444,VER
284,173.92,144.40833137777778,11075.24,9297.391472355555,100.0,82.3583303111111,False,False,4,4,29.511668622222203,VER
285,175.0,150.0,11129.0,9853.0,100.0,91.0,False,False,4,4,25.0,VER
286,181.24,153.8499968,11432.42,9993.5248832,100.0,92.71110968888888,False,False,4,4,27.390003199999995,VER
287,183.0,161.84999679999999,11518.0,10285.5248832,100.0,96.26666524444444,False,False,4,4,21.150003200000015,VER
288,191.0,168.0,11740.0,10510.0,100.0,99.0,False,False,4,4,23.0,VER
289,193.64,170.59999573333334,11915.12,10795.349531733333,100.0,99.0,False,False,4,4,23.040004266666642,VER
290,194.0,176.0,11939.0,11388.0,100.0,99.0,False,False,4,4,18.0,VER
291,206.8375,178.47687435772227,10764.8625,11472.213728162556,100.0,99.0,False,False,4,4,28.36062564227774,VER
292,207.0,188.0,10750.0,11796.0,100.0,99.0,False,False,4,4,19.0,VER
293,212.909545838136,189.6958304,10975.547666155524,11666.500224,100.0,99.0,False,False,4,4,23.213715438136006,VER
294,213.0,199.0,10979.0,10956.0,100.0,99.0,False,False,5,4,14.0,VER
295,217.70999808,206.0,11107.73994752,10902.0,100.0,99.0,False,False,5,5,11.709998079999991,VER
296,219.0,208.9249984,11143.0,11048.83491968,100.0,99.0,False,False,5,5,10.075001600000007,VER
297,224.0,211.0,11532.0,11153.0,100.0,99.0,False,False,5,5,13.0,VER
298,227.53249856,216.9249984,11604.21997056,11492.699908266666,100.0,99.0,False,False,5,5,10.60750016,VER
299,232.93249856,217.0,11714.61997056,11497.0,100.0,99.0,False,False,5,5,15.932498559999999,VER
300,233.0,223.0,11716.0,11746.0,100.0,99.0,False,False,5,5,10.0,VER
301,240.0,223.4250048,10816.0,11700.18448256,100.0,99.0,False,False,5,5,16.57499519999999,VER
302,242.156252,230.4250048,10883.2750624,10945.58448256,100.0,99.0,False,False,5,5,11.731247199999984,VER
303,245.0,233.0,10972.0,10668.0,100.0,99.0,False,False,6,6,12.0,VER
304,245.3843444576443,238.0,10990.192304328497,10855.0,100.0,99.0,False,False,6,6,7.384344457644289,VER
305,251.0,238.890628,11256.0,10904.5189168,100.0,99.0,False,False,6,6,12.109372000000008,VER
306,251.61071634285713,242.953124,11280.63222582857,11130.3936944,100.0,99.0,False,False,6,6,8.657592342857129,VER
307,253.96785645714286,243.0,11375.70354377143,11133.0,100.0,99.0,False,False,6,6,10.967856457142858,VER
308,254.0,247.0,11377.0,11281.0,100.0,99.0,False,False,6,6,7.0,VER
309,257.94999893333335,249.4624992,11681.149917866667,11382.783300266667,100.0,99.0,False,False,6,6,8.487499733333351,VER
310,258.0,250.0,11685.0,11405.0,100.0,99.0,False,False,6,6,8.0,VER
311,258.0,250.97000192,11547.0,11455.9251008,100.0,99.0,False,False,6,6,7.029998080000013,VER
312,258.40416746666665,252.0,11572.4625504,11510.0,100.0,99.0,False,False,6,6,6.4041674666666495,VER
313,259.0,252.68500096,11610.0,11560.69007104,100.0,98.65749952,False,False,6,6,6.314999040000004,VER
314,258.6437488,254.0,11551.5748032,11658.0,100.0,98.0,False,False,6,6,4.643748800000026,VER
315,258.0,255.1804504572711,11446.0,11611.56894868067,100.0,97.21303302848592,False,False,6,6,2.8195495427289075,VER
316,257.41500032,257.0,11189.77014016,11540.0,41.500032000000004,96.0,False,False,6,6,0.4150003199999901,VER
317,257.0,255.46000128,11008.0,11432.97008896,0.0,77.52001536,True,False,6,6,1.5399987199999998,VER
318,251.0,249.06000128,10525.0,10988.17008896,0.0,0.720015360000005,True,False,6,6,1.9399987200000055,VER
319,240.89581333333334,249.0,10254.207797333333,10984.0,0.0,0.0,True,True,6,6,-8.104186666666664,NOR
320,226.31250666666668,238.0,9863.375178666667,10593.0,0.0,0.0,True,True,6,6,-11.687493333333322,NOR
321,226.0,230.5406312,9855.0,10579.2843864,0.0,0.0,True,True,6,6,-4.540631200000007,NOR
322,218.0,207.0,10154.0,10536.0,0.0,0.0,True,True,6,6,11.0,VER
323,192.32500693333333,203.3000064,10715.558181688888,10458.3001344,0.0,0.0,True,True,6,6,-10.974999466666674,NOR
324,179.0,187.3000064,11007.0,10122.3001344,0.0,0.0,True,True,5,6,-8.300006400000001,NOR
325,163.0,187.0,10812.0,10116.0,0.0,0.0,True,True,4,5,-24.0,NOR
326,155.5406312,177.0,10666.1813712,9423.0,0.0,0.0,True,True,4,4,-21.459368799999993,NOR
327,132.0,168.6535808,10206.0,9409.5643008,0.0,0.0,True,True,3,4,-36.653580799999986,NOR
328,131.3624928,136.4392950857143,10177.5246784,9357.707157942858,0.0,0.0,True,True,3,4,-5.07680228571428,NOR
329,127.6125024,136.0,10010.0251072,9357.0,0.0,0.0,True,True,3,4,-8.387497600000003,NOR
330,120.0,123.0,9670.0,8305.0,0.0,0.0,True,True,3,3,-3.0,NOR
331,117.62143268571428,111.49500416000001,9529.928813714285,8924.499776,0.0,0.0,True,True,3,3,6.1264285257142745,VER
332,102.0,110.0,8610.0,9005.0,0.0,0.0,True,True,2,3,-8.0,NOR
333,98.58750186666667,97.0,8287.762676266666,8198.0,0.0,0.0,True,True,2,2,1.5875018666666705,VER
334,95.0,94.57500160000001,7949.0,7961.9668224,0.0,0.0,True,True,2,2,0.42499839999999267,VER
335,93.84,90.5499968,7714.1,7570.199688533334,0.0,0.0,True,True,2,2,3.290003200000001,VER
336,93.0,88.0,7544.0,7322.0,0.0,0.0,True,True,2,2,5.0,VER
337,84.0,80.62856777142858,7109.0,6750.714002285715,0.0,0.0,True,True,2,2,3.3714322285714218,VER
338,83.66666666666667,80.0,7064.6,6702.0,0.0,0.0,True,True,2,2,3.6666666666666714,VER
339,79.91666666666667,75.07054129674125,6565.1,6138.398554927417,0.0,0.0,True,True,2,2,4.846125369925417,VER
340,79.0,74.0,6443.0,6016.0,0.0,0.0,True,True,2,2,5.0,VER
341,76.0,70.0,6071.0,5736.0,0.0,0.0,True,True,2,2,6.0,VER
342,75.16,69.71666346666666,6011.92,5731.395781333334,0.0,0.0,True,True,2,2,5.443336533333337,VER
343,73.0,66.0,5860.0,5671.0,0.0,0.0,True,False,2,2,7.0,VER
344,72.29805026441444,65.11499904,5898.607235457206,5569.2248896,1.5041780048262052,0.8850009600000001,True,False,2,2,7.1830512244144415,VER
345,66.44846913453475,65.0,6220.334197600589,5556.0,14.038994711711249,1.0,True,False,2,2,1.4484691345347471,VER
346,66.0,68.0,6245.0,6493.0,15.0,26.0,False,False,2,2,-2.0,NOR
347,67.7124992,69.7125024,6245.0,6636.279367466666,14.429166933333333,28.283336533333333,False,False,2,2,-2.000003200000009,NOR
348,69.0,71.0,6245.0,6744.0,14.0,30.0,False,False,2,2,-2.0,NOR
349,70.26428525714286,73.140628,6502.914192457143,6931.0908872,21.585711542857144,33.8531304,False,False,2,2,-2.8763427428571475,NOR
350,71.0,76.0,6653.0,7181.0,26.0,39.0,False,False,2,2,-5.0,NOR
351,72.67142765714286,79.031256,6835.185614628572,7403.4941904,26.417856914285714,40.8187536,False,False,2,2,-6.359828342857142,NOR
352,75.0,85.281256,7089.0,7862.2441904,27.0,44.5687536,False,False,2,2,-10.281255999999999,NOR
353,75.9666688,86.0,7213.2169408,7915.0,28.9333376,45.0,False,False,2,2,-10.033331200000006,NOR
354,78.96666453333333,89.0,7598.716392533333,8615.0,34.933329066666666,49.0,False,False,2,2,-10.03333546666667,NOR
355,79.0,89.4250048,7603.0,8655.9598376,35.0,49.265628,False,False,2,2,-10.425004799999996,NOR
356,86.49030887362817,96.92499839999999,8284.618107500162,9378.7717208,43.42659748283169,53.953124,False,False,2,2,-10.434689526371827,NOR
357,87.0,97.0,8331.0,9386.0,44.0,54.0,False,False,2,2,-10.0,NOR
358,93.0,103.27999744,8986.0,10176.49467776,46.0,58.70999808,False,False,2,2,-10.279997440000002,NOR
359,94.60416533333333,105.0,9139.999872,10393.0,47.604165333333334,60.0,False,False,2,2,-10.395834666666673,NOR
360,98.0,112.0,9466.0,11011.0,51.0,57.0,False,False,2,2,-14.0,NOR
361,99.10999808,116.812496,9565.8998272,11203.49984,54.14499456,62.454162133333334,False,False,2,2,-17.70249792,NOR
362,104.0,127.0,10006.0,11611.0,68.0,74.0,False,False,2,2,-23.0,NOR
363,137.1187472,128.4249984,11733.85235392,11439.109568,98.27999744,76.3156224,False,False,2,2,8.693748800000009,VER
364,139.0,132.9249984,11832.0,10896.297068,100.0,83.6281224,False,False,2,2,6.075001600000007,VER
365,149.0,135.0,11920.0,10646.0,100.0,87.0,False,False,3,3,14.0,VER
366,152.609372,141.5812464,11860.0844248,11037.9497856,100.0,93.5812464,False,False,3,3,11.02812560000001,VER
367,161.984372,144.0,11704.4594248,11182.0,100.0,96.0,False,False,3,3,17.984372000000008,VER
368,164.0,155.0,11671.0,10390.0,100.0,99.0,False,False,3,3,9.0,VER
369,164.9249984,167.8843712,11610.9907288,10465.2718528,100.0,99.0,False,False,3,3,-2.9593728000000112,NOR
370,169.4250048,174.0,11319.0528136,10501.0,100.0,99.0,False,False,3,4,-4.574995199999989,NOR
371,172.0,182.8156224,11152.0,11181.1591744,100.0,99.0,False,False,4,4,-10.815622399999995,NOR
372,183.8363741090909,187.0,11562.327635781818,11504.0,100.0,99.0,False,False,4,4,-3.1636258909090884,NOR
373,196.0,189.8291648,11984.0,11534.31248,100.0,99.0,False,False,4,4,6.170835199999999,VER
374,200.09499776,194.0,11662.83517568,11579.0,100.0,99.0,False,False,4,4,6.0949977600000125,VER
375,203.0,195.99499776,11435.0,11349.86025728,100.0,99.0,False,False,4,4,7.00500224000001,VER
376,203.51000576,201.0,11423.90737472,10775.0,100.0,99.0,False,False,4,5,2.5100057600000127,VER
377,213.70999808,208.05249792,11202.05754176,11136.84739328,100.0,98.45750016,False,False,4,5,5.657500159999984,VER
378,215.0,214.0,11174.0,11442.0,100.0,98.0,False,False,4,5,1.0,VER
379,217.5687536,215.9249984,11400.0503168,11536.3249216,100.0,98.0,False,False,4,5,1.6437552000000153,VER
380,218.0,220.0,11438.0,11736.0,100.0,98.0,False,False,5,5,-2.0,NOR
381,226.0,223.44166293333333,11615.0,11082.5757088,100.0,98.0,False,False,5,5,2.5583370666666667,VER
382,226.3718792,227.0,11582.9652632,10407.0,100.0,98.0,False,False,5,5,-0.6281208000000049,NOR
383,229.85,235.9499968,11283.35,10813.727632355556,100.0,98.0,False,False,5,5,-6.099996800000014,NOR
384,233.0,236.0,11012.0,10816.0,100.0,98.0,False,False,5,6,-3.0,NOR
385,236.92,238.0,10801.3,10944.0,100.0,98.0,False,False,5,6,-1.0800000000000125,NOR
386,237.0,241.41249813333334,10797.0,11060.512436266667,100.0,98.0,False,False,5,6,-4.412498133333344,NOR
387,241.0,245.0,10927.0,11183.0,100.0,98.0,False,False,6,6,-4.0,NOR
388,242.05555555555554,245.0,10967.955555555556,11270.1061776,100.0,98.0,False,False,6,6,-2.944444444444457,NOR
389,246.0,245.0,11121.0,11364.0,100.0,98.0,False,False,6,6,1.0,VER
390,246.425,249.4386402909091,11223.0,11499.62512,100.0,98.0,False,False,6,6,-3.0136402909090805,NOR
391,247.0,254.0,11361.0,11639.0,100.0,98.0,False,False,6,6,-7.0,NOR
392,248.575,254.2312496,11383.725,11477.12528,100.0,98.0,False,False,6,6,-5.656249600000024,NOR
393,254.0,255.0,11462.0,10939.0,100.0,98.0,False,False,6,6,-1.0,NOR
394,254.93593298078076,256.75499904,11487.27019048108,10603.21018368,100.0,98.0,False,False,6,6,-1.8190660592192103,NOR
395,259.2813361058342,258.0,11604.596074857523,10365.0,100.0,98.0,False,False,6,7,1.2813361058342139,VER
396,260.0,260.87291573333334,11624.0,10486.072877333334,100.0,98.0,False,False,6,7,-0.8729157333333433,NOR
397,261.14166613333333,264.0812528,11144.500224,10621.281368,100.0,98.0,False,False,6,7,-2.9395866666666848,NOR
398,262.0,265.0,10784.0,10660.0,100.0,98.0,False,False,6,7,-3.0,NOR
399,264.0,267.0,10633.0,10715.0,100.0,99.0,False,False,7,7,-3.0,NOR
400,266.10714057142854,267.5285705142857,10671.771386514285,10738.257102628571,100.0,98.86785737142857,False,False,7,7,-1.4214299428571735,NOR
401,269.0,271.0,10725.0,10891.0,100.0,98.0,False,False,7,7,-2.0,NOR
402,271.32740403186426,273.1107136,10815.768757242706,10954.321408,100.0,98.7035712,False,False,7,7,-1.783309568135735,NOR
403,272.0,274.0,10842.0,10981.0,100.0,99.0,False,False,7,7,-2.0,NOR
404,274.65500288,274.80833493333336,10959.70512768,11022.629249066667,100.0,99.0,False,False,7,7,-0.1533320533333722,NOR
405,275.0,276.0,10975.0,11084.0,100.0,99.0,False,False,7,7,-1.0,NOR
406,275.48500096,277.68214217142855,10989.06502784,11131.660694857143,100.0,99.0,False,False,7,7,-2.1971412114285727,NOR
407,276.0,279.0,11004.0,11169.0,100.0,99.0,False,False,7,7,-3.0,NOR
408,278.9624992,279.97000192,11149.1624608,11235.44513152,100.0,99.0,False,False,7,7,-1.0075027199999909,NOR
409,279.0,281.0,11151.0,11306.0,100.0,99.0,False,False,7,7,-2.0,NOR
410,282.37000192,283.0,11255.47005952,11319.0,100.0,99.0,False,False,7,7,-0.6299980800000071,NOR
411,283.0,283.36090219775,11275.0,11328.654133789812,100.0,99.0,False,False,7,7,-0.36090219775002197,NOR
412,284.4750016,285.16541318650013,11298.1083584,11376.924802738878,100.0,99.0,False,False,7,7,-0.6904115865001472,NOR
413,285.14166826666667,287.0,11308.552802844444,11426.0,100.0,99.0,False,False,7,7,-1.8583317333333298,NOR
414,286.0,288.6928566857143,11322.0,11523.33925942857,100.0,99.0,False,False,7,7,-2.6928566857142755,NOR
415,287.77000192,289.0,11410.500096,11541.0,100.0,99.0,False,False,7,7,-1.229998079999973,NOR
416,288.0,289.63214262857144,11422.0,11551.114282057142,100.0,99.0,False,False,7,7,-1.6321426285714438,NOR
417,288.0,290.0,11479.8937264,11557.0,100.0,99.0,False,False,7,7,-2.0,NOR
418,288.0,290.4178569142857,11481.0,11596.278549942857,100.0,99.0,False,False,7,7,-2.4178569142857214,NOR
419,289.8357156571429,291.0,11480.082142171428,11651.0,100.0,99.0,False,False,7,7,-1.1642843428571155,NOR
420,290.0,292.0,11480.0,11679.0,100.0,98.0,False,False,7,7,-2.0,NOR
421,290.88500096,292.0472220444444,11492.39001344,11680.18055111111,100.0,98.0,False,False,7,7,-1.1622210844444112,NOR
422,291.0,293.0,11494.0,11704.0,100.0,98.0,False,False,7,7,-2.0,NOR
423,291.0,293.0,11527.48998912,11477.375392,100.0,98.0,False,False,7,7,-2.0,NOR
424,291.0,293.0,11528.0,10724.0,100.0,98.0,False,False,7,7,-2.0,NOR
425,291.4409099636364,293.68499968,11529.984094836364,10501.375104,100.0,98.68499968,False,False,7,7,-2.2440897163635896,NOR
426,292.71363723636364,294.0,11535.711367563636,10399.0,100.0,99.0,False,False,7,8,-1.2863627636363617,NOR
427,293.0,296.0,11537.0,10411.0,100.0,99.0,False,False,7,8,-3.0,NOR
428,293.4916672,295.8937504,11599.9334016,10414.187488,100.0,99.0,False,False,7,8,-2.4020831999999928,NOR
429,294.0,295.0,11665.0,10441.0,100.0,99.0,False,False,7,8,-1.0,NOR
430,294.0,295.2374992,11651.3562736,10436.7250144,100.0,99.0,False,False,7,8,-1.237499200000002,NOR
431,294.0,296.0,11606.0,10423.0,100.0,99.0,False,False,7,8,-2.0,NOR
432,294.9892854857143,296.63571474285715,11618.860711314286,10449.064304457142,100.0,99.0,False,False,7,8,-1.64642925714287,NOR
433,295.0,297.0,11619.0,10464.0,100.0,99.0,False,False,7,8,-2.0,NOR
434,295.0,297.22222254472166,11632.7000192,10475.777794870246,100.0,99.0,False,False,7,8,-2.22222254472166,NOR
435,295.0,297.58503438875783,11639.0,10495.006822604164,100.0,99.0,False,False,7,8,-2.5850343887578333,NOR
436,294.6777777777778,298.0,11608.066666666668,10517.0,100.0,99.0,False,False,7,8,-3.3222222222221944,NOR
437,294.0111111111111,297.51499904,11544.066666666668,10448.37236416,100.0,85.41997312,False,False,7,8,-3.5038879288889007,NOR
438,294.0,296.0,11543.0,10234.0,100.0,43.0,False,False,7,8,-2.0,NOR
439,293.0,287.2250048,11589.0,10238.09499776,100.0,17.84501376,False,False,7,8,5.774995199999978,VER
440,291.525,281.0,11456.25,10241.0,100.0,0.0,False,True,7,8,10.524999999999977,VER
441,291.0,272.2250048,11409.0,10183.5969064,100.0,0.0,False,True,7,8,18.774995199999978,VER
442,289.0,257.0,11193.0,10084.0,100.0,0.0,False,True,7,7,32.0,VER
443,286.1,255.265628,10985.94,10164.93736,44.9,0.0,False,True,7,7,30.83437200000003,VER
444,284.0,246.828116,10836.0,10558.68792,5.0,0.0,True,True,7,7,37.171884000000006,VER
445,274.8530486932075,242.0,10535.397918417682,10784.0,3.7526884581646547,0.0,True,True,7,6,32.853048693207484,VER
446,262.0,241.19721315555554,10113.0,10827.492157866667,2.0,0.0,True,True,7,6,20.802786844444455,VER
447,255.1312528,228.91944746666667,10960.7996544,11492.6581696,2.9812496,0.0,True,True,7,6,26.21180533333333,VER
448,255.0,225.0,10977.0,11705.0,3.0,0.0,True,False,7,6,30.0,VER
449,246.3812528,222.4312464,10846.077125866666,11507.2059728,3.8208330666666668,0.0,True,False,7,6,23.950006400000007,VER
450,235.8375056,222.0,10685.912585066666,11474.0,4.824999466666666,0.0,True,False,7,5,13.837505599999986,VER
451,234.0,217.0750016,10658.0,11196.23009024,5.0,4.9249984,False,False,6,5,16.924998399999993,VER
452,230.44887468510717,217.0,10816.912857841453,11192.0,12.99003195850884,5.0,False,False,6,5,13.448874685107171,VER
453,226.45884911063925,212.0,10995.466502298894,11274.0,21.967589501061667,41.0,False,False,6,5,14.45884911063925,VER
454,226.0,211.23000064,11016.0,11214.3250496,23.0,40.61500032,False,False,5,5,14.769999360000014,VER
455,218.3821449142857,210.83000064,10940.667877485714,11183.3250496,47.546421942857144,40.41500032,False,False,5,5,7.552144274285695,VER
456,217.0,210.0,10927.0,11119.0,52.0,40.0,False,False,5,5,7.0,VER
457,214.553568,208.0375008,10904.0035392,10967.8875616,54.446432,14.487510399999998,False,False,5,5,6.516067200000009,VER
458,213.8392822857143,207.0,10897.289253485715,10888.0,55.16071771428572,1.0,False,True,5,5,6.83928228571429,VER
459,212.0,204.97916266666667,10880.0,10677.0245824,57.0,0.5958325333333333,False,True,5,5,7.020837333333333,VER
460,212.0,202.0,10769.949902628572,10366.0,43.82498834285714,0.0,False,True,5,5,10.0,VER
461,212.0,200.218744,10738.0,10615.37584,40.0,0.0,False,True,5,5,11.781256000000013,VER
462,210.9031256,197.0,10497.4188816,11066.0,25.7406328,0.0,False,False,5,5,13.90312560000001,VER
463,209.0,193.0502102627052,10080.0,11180.543902381549,1.0,0.0,True,False,5,5,15.949789737294793,VER
464,203.77500434285713,193.0,10360.224767085714,11182.0,1.2749997714285715,0.0,True,True,5,4,10.77500434285713,VER
465,190.0,184.38182050909091,11099.0,10943.384155345455,2.0,0.0,True,True,5,4,5.618179490909085,VER
466,185.9781272,177.0,10854.3970088,10739.0,2.3656248,0.0,True,True,5,4,8.978127199999989,VER
467,179.0,176.0,10430.0,10320.0,3.0,0.0,True,True,4,4,3.0,VER
468,177.7531208,176.0,10352.6934896,10292.1626048,3.0,0.0,True,True,4,4,1.753120800000005,VER
469,172.5031208,176.0,10027.1934896,10058.0,3.0,0.0,True,False,4,4,-3.496879199999995,NOR
470,172.0,174.3041696,9996.0,10012.3667456,3.0,0.0,True,False,4,4,-2.3041695999999945,NOR
471,171.468744,166.0541696,9982.8248512,9790.3667456,3.0,0.0,True,False,4,4,5.414574399999992,VER
472,167.0,165.0,9872.0,9762.0,3.0,0.0,False,True,4,4,2.0,VER
473,164.5749952,165.0,9677.02961408,9506.0,3.0,0.0,False,False,4,4,-0.4250048000000106,NOR
474,162.0,163.1678592,9470.0,9433.3250816,3.0,0.0,False,False,4,4,-1.1678592000000094,NOR
475,159.04500096,158.02500205714284,9320.77254848,9229.3250816,3.0,0.0,False,False,4,4,1.0199989028571679,VER
476,156.64500096,156.0,9199.57254848,9149.0,3.0,0.0,False,False,4,4,0.6450009600000044,VER
477,156.0,155.02500053333333,9167.0,9274.124931555556,3.0,16.574990933333336,False,False,4,4,0.9749994666666737,VER
478,156.0,153.02500053333333,9345.941608533334,9530.791598222222,30.908324266666668,50.57499093333334,False,False,4,4,2.9749994666666737,VER
479,156.0,153.0,9494.0,9534.0,54.0,51.0,False,False,4,4,3.0,VER
480,156.06071497142858,157.86818094545455,9509.603747657144,9942.927199418182,54.303574857142856,61.54772538181818,False,False,4,4,-1.8074659740259733,NOR
481,156.63214354285714,159.0,9656.460890514285,10038.0,57.16071771428572,64.0,False,False,4,4,-2.3678564571428637,NOR
482,157.0,161.76000256,9751.0,10249.83019648,59.0,66.76000256,False,False,4,4,-4.760002560000004,NOR
483,158.45500288,163.0,9818.9001344,10345.0,59.0,68.0,False,False,4,4,-4.544997120000005,NOR
484,160.0,168.77499626666668,9891.0,10639.5248096,59.0,72.9499968,False,False,4,4,-8.774996266666676,NOR
485,161.7125024,170.0,10131.892004266667,10702.0,66.42084373333333,74.0,False,False,4,4,-8.287497599999995,NOR
486,163.0,174.88279730797763,10313.0,11029.1474196345,72.0,78.43890664361602,False,False,4,4,-11.882797307977626,NOR
487,169.21,181.0,10743.56,11439.0,82.35,84.0,False,False,4,4,-11.789999999999992,NOR
488,172.0,185.09499776,10937.0,11495.45246912,87.0,88.3874976,False,False,4,4,-13.094997760000012,NOR
489,180.85,195.0,11405.3125,11632.0,96.5875,99.0,False,False,4,4,-14.150000000000006,NOR
490,184.0,195.531256,11572.0,11606.8184656,100.0,99.0531256,False,False,4,4,-11.531256000000013,NOR
491,189.1625,199.906248,11206.2,11399.4438448,100.0,99.4906248,False,False,4,4,-10.74374800000001,NOR
492,191.0,205.0,11076.0,11158.0,100.0,100.0,False,False,4,5,-14.0,NOR
493,196.8,210.4083392,10844.0,11381.708576,100.0,100.0,False,False,4,5,-13.608339199999989,NOR
494,199.0,216.0,10756.0,11613.0,100.0,100.0,False,False,4,5,-17.0,NOR
495,211.13333333333333,220.9249984,11076.133333333333,10785.6002688,100.0,100.0,False,False,4,5,-9.791665066666667,NOR
496,212.0,221.0,11099.0,10773.0,100.0,100.0,False,False,5,5,-9.0,NOR
497,214.2092044293344,227.51749824,11222.715448042725,10748.11500672,100.0,100.0,False,False,5,5,-13.308293810665617,NOR
498,215.0,232.0,11267.0,10731.0,100.0,100.0,False,False,5,6,-17.0,NOR
499,219.84999679999999,236.9249984,11467.6686176,10987.0999168,100.0,100.0,False,False,5,6,-17.075001600000007,NOR
500,223.0,237.0,11598.0,10991.0,100.0,100.0,False,False,5,6,-14.0,NOR
501,230.0,244.4250048,11869.0,11203.025137066667,100.0,100.0,False,False,5,6,-14.42500480000001,NOR
502,232.4500032,246.0,11496.949514057143,11248.0,100.0,100.0,False,False,5,6,-13.549996800000002,NOR
503,237.0,248.5071414857143,10806.0,11248.0,100.0,100.0,False,False,5,6,-11.5071414857143,NOR
504,240.14427706086434,252.0,10893.253688438985,11248.0,100.0,100.0,False,False,5,6,-11.85572293913566,NOR
505,241.0,253.61666986666665,10917.0,11340.419627377778,100.0,100.0,False,False,5,6,-12.616669866666655,NOR
506,244.83055431111111,258.0,11115.641602133333,11591.0,100.0,100.0,False,False,5,6,-13.169445688888885,NOR
507,246.38610986666666,259.15499904,11196.3082688,11176.35534464,100.0,99.61500032,False,False,5,6,-12.76888917333335,NOR
508,248.0,261.0,11280.0,10514.0,100.0,99.0,False,False,6,6,-13.0,NOR
509,251.36428434285713,264.941544358541,11360.182110171429,10625.348628128784,100.0,99.49269304481763,False,False,6,6,-13.57726001568389,NOR
510,254.0,268.94989455366755,11423.0,10738.584521141107,100.0,99.99373681920844,False,False,6,6,-14.949894553667548,NOR
511,257.62045847272725,269.0,11279.790753745454,10740.0,100.0,100.0,False,False,6,7,-11.37954152727275,NOR
512,261.3022714181818,272.0,11134.154597236364,10827.0,100.0,100.0,False,False,6,7,-10.697728581818183,NOR
513,263.0,274.4624992,11067.0,10953.07995904,100.0,100.0,False,False,6,7,-11.462499200000025,NOR
514,276.8266658133333,276.4624992,11080.826665813333,11055.47995904,100.0,100.0,False,False,6,7,0.36416661333328193,VER
515,279.0,277.0,11083.0,11083.0,100.0,100.0,False,False,7,7,2.0,VER
516,279.40714422857144,279.0,11088.7000192,11125.0,100.0,100.0,False,False,7,7,0.4071442285714397,VER
517,280.97857097142855,284.66052581052634,11110.6999936,11375.9499776,100.0,100.0,False,False,7,7,-3.6819548390977843,NOR
518,281.0,285.0,11111.0,11391.0,100.0,100.0,False,False,7,7,-4.0,NOR
519,284.0,286.0,11218.0,11419.0,100.0,100.0,False,False,7,7,-2.0,NOR
520,284.4812496,286.8562496,11249.281224,11468.234352,100.0,100.0,False,False,7,7,-2.375,NOR
521,285.0,288.0,11283.0,11534.0,100.0,100.0,False,False,7,7,-3.0,NOR
522,285.80833493333336,288.2124992,11334.733435733333,11536.7624896,100.0,99.8937504,False,False,7,7,-2.404164266666669,NOR
523,287.0,290.0,11411.0,11560.0,100.0,99.0,False,False,7,7,-3.0,NOR
524,288.0,290.0708330666667,11369.0,11564.249984,100.0,99.07083306666667,False,False,7,7,-2.070833066666694,NOR
525,288.48500096,291.0,11385.49003264,11620.0,100.0,100.0,False,False,7,7,-2.5149990400000206,NOR
526,289.0,292.64999893333334,11403.0,11026.550383644444,100.0,99.45000035555556,False,False,7,7,-3.649998933333336,NOR
527,289.4812496,294.0,11435.2437232,10541.0,100.0,99.0,False,False,7,7,-4.518750399999988,NOR
528,290.0,294.27757967887936,11470.0,10507.968018213356,100.0,99.0,False,False,7,7,-4.277579678879363,NOR
529,292.0,294.91815013082424,11474.0,10431.740134431917,100.0,99.0,False,False,7,7,-2.9181501308242446,NOR
530,292.0,295.0,11499.966666666667,10422.0,100.0,99.0,False,False,7,8,-3.0,NOR
531,292.0,296.0,11556.0,10446.0,100.0,100.0,False,False,7,8,-4.0,NOR
532,293.3,296.76111217777776,10828.0,10467.691697066666,100.0,99.6194439111111,False,False,7,8,-3.46111217777775,NOR
533,294.0,297.8722232888889,10436.0,10499.358363733334,100.0,99.06388835555556,False,False,7,8,-3.872223288888904,NOR
534,295.0,298.0,10510.0,10503.0,100.0,99.0,False,False,8,8,-3.0,NOR
535,295.1636363636364,299.0,10516.218181818182,10550.0,100.0,99.0,False,False,8,8,-3.8363636363636147,NOR
536,296.3454545454546,299.18499968,10561.127272727274,10557.21498752,100.0,99.18499968,False,False,8,8,-2.8395451345454035,NOR
537,297.0,300.0,10586.0,10589.0,100.0,100.0,False,False,8,8,-3.0,NOR
538,297.0,300.07083413333334,10605.8,10590.983355733333,100.0,100.0,False,False,8,8,-3.070834133333335,NOR
539,297.0,300.9874997333333,10613.0,10616.649992533334,100.0,100.0,False,False,8,8,-3.9874997333333226,NOR
540,297.72180439550004,301.0,10633.210523074002,10617.0,100.0,100.0,False,False,8,8,-3.278195604499956,NOR
541,299.07518763706264,302.0,10671.105253837753,10638.0,100.0,99.0,False,False,8,8,-2.9248123629373595,NOR
542,300.0,302.4281256,10697.0,10658.9781544,100.0,99.0,False,False,8,8,-2.428125599999987,NOR
543,300.1541664,303.0,10694.9958368,10687.0,100.0,99.0,False,False,8,8,-2.8458335999999917,NOR
544,301.0,303.34642925714286,10684.0,10691.157151085714,100.0,99.34642925714286,False,False,8,8,-2.3464292571428587,NOR
545,301.3277774222222,303.84642834285717,10709.566638933333,10697.157140114286,100.0,99.84642834285714,False,False,8,8,-2.5186509206349683,NOR
546,302.0,304.0,10762.0,10699.0,100.0,100.0,False,False,8,8,-2.0,NOR
547,302.05607517628914,304.9812496,10766.037412692818,10747.5718552,100.0,100.0,False,False,8,8,-2.925174423710871,NOR
548,302.4299070265235,306.0,10792.953305909694,10798.0,100.0,100.0,False,False,8,8,-3.5700929734765054,NOR
549,303.0,306.0,10834.0,10791.72000256,100.0,100.0,False,False,8,8,-3.0,NOR
550,303.64166613333333,306.0,10837.208330666666,10790.0,100.0,100.0,False,False,8,8,-2.358333866666669,NOR
551,305.0,306.8562512,10844.0,10800.2750144,100.0,99.1437488,False,False,8,8,-1.8562511999999742,NOR
552,305.0,307.0,10846.325002057143,10802.0,100.0,99.0,False,False,8,8,-2.0,NOR
553,305.0,307.58409134545457,10847.0,10813.097735563637,100.0,99.0,False,False,8,8,-2.584091345454567,NOR
554,305.78499968,308.0,10892.52998144,10821.0,100.0,99.0,False,False,8,8,-2.2150003200000015,NOR
555,306.0,308.04250048,10905.0,10823.9750336,100.0,99.04250048,False,False,8,8,-2.042500480000001,NOR
556,306.19249984,308.84,10908.46499712,10879.8,100.0,99.84,False,False,8,8,-2.6475001599999928,NOR
557,306.74250048,309.0,10918.36500864,10891.0,100.0,100.0,False,False,8,8,-2.2574995200000103,NOR
558,307.0,309.0,10923.0,10891.240601465166,100.0,100.0,False,False,8,8,-2.0,NOR
559,308.0,309.0,10946.0,10892.0,100.0,100.0,False,False,8,8,-1.0,NOR
560,308.0,309.0708330666667,10945.44500096,10893.345828266667,100.0,99.92916693333333,False,False,8,8,-1.0708330666666939,NOR
561,308.0,309.9041664,10943.0,10909.1791616,100.0,99.0958336,False,False,8,8,-1.9041664000000083,NOR
562,309.0,310.0,10956.0,10911.0,100.0,99.0,False,False,8,8,-1.0,NOR
563,309.0,309.6750001777778,10956.897232355555,10904.500003555555,100.0,99.32499982222222,False,False,8,8,-0.6750001777778039,NOR
564,309.0,309.0,10975.0,10891.0,100.0,100.0,False,False,8,8,0.0,NOR
565,309.4812496,309.0,10978.8499968,10891.770832,100.0,100.0,False,False,8,8,0.4812496000000124,VER
566,310.0,309.0,10983.0,10896.0,100.0,100.0,False,False,8,8,1.0,VER
567,309.02500053333335,309.0,10964.962509866667,10881.61500672,100.0,100.0,False,False,8,8,0.025000533333354724,VER
568,308.0,309.0,10946.0,10875.0,100.0,100.0,False,False,8,8,-1.0,NOR
569,308.0,308.5722225777778,10947.94000384,10870.936114488888,100.0,100.0,False,False,8,8,-0.5722225777777794,NOR
570,308.0,307.4611114666667,10948.74000384,10860.380558933333,100.0,100.0,False,False,8,8,0.5388885333333064,VER
571,308.0,307.0,10950.0,10856.0,100.0,100.0,False,False,8,8,1.0,VER
572,307.5093752,307.0,10937.2437552,10839.03500928,100.0,100.0,False,False,8,8,0.5093752000000222,VER
573,307.0,307.0,10924.0,10827.0,100.0,100.0,False,False,8,8,0.0,NOR
574,306.7624992,305.02142902857145,10919.9624864,10805.235719314285,100.0,100.0,False,False,8,8,1.7410701714285324,VER
575,306.0,305.0,10907.0,10805.0,100.0,100.0,False,False,8,8,1.0,VER
576,305.23888782222224,305.0,10888.733307733333,10758.9562712,100.0,100.0,False,False,8,8,0.2388878222222388,VER
577,304.0,305.0,10859.0,10752.0,100.0,100.0,False,False,8,8,-1.0,NOR
578,304.0,304.0,10854.9624544,10714.0,100.0,100.0,False,False,8,8,0.0,NOR
579,304.0,304.0,10802.0,10714.270461784019,100.0,100.0,False,False,8,8,0.0,NOR
580,304.0,304.0,10800.666666666666,10716.0,100.0,100.0,False,False,8,8,0.0,NOR
581,304.0,304.0,10797.0,10703.0,100.0,100.0,False,False,8,8,0.0,NOR
582,303.68333333333334,303.72500022857145,10798.9,10708.7749952,100.0,100.0,False,False,8,8,-0.041666895238108737,NOR
583,303.0,303.0,10803.0,10724.0,100.0,100.0,False,False,8,8,0.0,NOR
584,303.56666666666666,303.9812496,10816.6,10716.1500032,100.0,100.0,False,False,8,8,-0.4145829333333495,NOR
585,304.0,304.0,10827.0,10716.0,100.0,100.0,False,False,8,8,0.0,NOR
586,304.0,304.0,10844.775,10701.0,100.0,100.0,False,False,8,8,0.0,NOR
587,304.0,304.0,10845.0,10700.81500032,100.0,100.0,False,False,8,8,0.0,NOR
588,304.0,304.0,10821.0,10700.0,100.0,100.0,False,False,8,8,0.0,NOR
589,303.72,304.0,10811.76,10714.624992,100.0,100.0,False,False,8,8,-0.2799999999999727,NOR
590,303.32,304.0,10798.56,10725.0,100.0,100.0,False,False,8,8,-0.6800000000000068,NOR
591,302.12,304.57083413333334,10758.96,10727.854170666667,100.0,100.0,False,False,8,8,-2.4508341333333306,NOR
592,302.0,305.0,10755.0,10730.0,100.0,100.0,False,False,8,8,-3.0,NOR
593,301.4451405752696,303.68333368888887,10675.655102263554,10643.100023466666,100.0,69.05834168888889,False,False,8,8,-2.2381931136192748,NOR
594,301.0,303.0,10612.0,10598.0,100.0,53.0,False,False,8,8,-2.0,NOR
595,299.3071442285714,300.4312464,10584.3500224,10621.9750336,64.4500288,10.187439999999995,False,False,8,8,-1.1241021714286035,NOR
596,298.0,300.0,10563.0,10626.0,37.0,3.0,False,False,8,8,-2.0,NOR
597,296.0,290.8214217142857,10136.0,11365.793409828571,0.0,0.24642651428571405,False,False,8,8,5.178578285714309,VER
598,290.45831466666664,290.0,9960.249408,11432.0,0.0,0.0,False,True,8,8,0.458314666666638,VER
599,271.01387022222224,257.0,9343.582741333334,9961.0,0.0,0.0,False,True,8,7,14.013870222222238,VER
600,261.0,254.34372,9026.0,9954.5186768,0.0,0.0,True,True,8,7,6.6562800000000095,VER
601,239.75997696000002,232.0,9218.93020928,9900.0,0.0,0.0,True,True,8,7,7.759976960000017,VER
602,237.0,228.57998848,9244.0,9900.0,0.0,0.0,True,True,8,7,8.420011520000003,VER
603,230.2714313142857,220.0,9667.339113142858,9900.0,0.0,0.0,True,True,8,6,10.271431314285707,VER
604,225.0,206.6624736,9999.0,9996.3939408,0.0,0.0,True,True,8,6,18.3375264,VER
605,196.22995968,176.0,9479.76927232,10218.0,0.0,0.0,True,True,8,6,20.229959680000007,VER
606,183.0,170.3,9241.0,9947.566666666668,0.0,0.0,True,True,6,6,12.699999999999989,VER
607,170.66998272,158.3,9506.78037248,9378.233333333334,0.0,0.0,True,True,6,6,12.369982719999996,VER
608,165.0,158.0,9629.0,9364.0,0.0,0.0,True,True,6,5,7.0,VER
609,159.2250048,141.0,9697.578068,9735.0,0.0,0.0,True,True,6,4,18.225004799999994,VER
610,141.0,105.1528356972576,9914.0,7217.208380946856,0.0,0.0,True,True,4,4,35.8471643027424,VER
611,130.1499904,103.0,8910.374112,7066.0,0.0,0.0,True,True,4,3,27.149990400000007,VER
612,129.0,96.41666844444444,8804.0,6678.900104533333,0.0,0.0,True,True,3,3,32.58333155555556,VER
613,115.0,93.0,7808.0,6478.0,0.0,0.0,True,False,3,3,22.0,VER
614,109.1125024,92.3833344,7497.9251263999995,6498.3499648,0.0,0.0,True,False,3,3,16.729168,VER
615,103.0,89.0,7176.0,6610.0,0.0,0.0,True,False,3,3,14.0,VER
616,101.0,88.2687504,6756.0,6493.7313136,0.0,0.0,True,False,3,3,12.731249599999998,VER
617,99.3374944,88.0,6658.3871712,6451.0,0.0,0.0,True,False,3,3,11.337494399999997,VER
618,94.67082773333334,86.73571474285714,6384.3871712,6516.742833371429,0.0,5.689283657142858,True,False,3,3,7.935112990476199,VER
619,94.0,86.0,6345.0,6555.0,0.0,9.0,True,False,3,3,8.0,VER
620,90.71666773333334,87.56999936,6473.460374933334,6660.18995712,2.8729157333333335,17.634996479999998,True,False,3,3,3.146668373333341,VER
621,86.0,88.0,6658.0,6689.0,7.0,20.0,False,False,3,3,-2.0,NOR
622,87.1062512,89.0,6700.5906712,6693.0,14.7437584,35.0,False,False,3,3,-1.8937487999999973,NOR
623,88.0,91.9749984,6735.0,6933.9748704,21.0,40.9499968,False,False,3,3,-3.974998400000004,NOR
624,88.3562512,92.0,6784.1626656,6936.0,27.0562704,41.0,False,False,3,3,-3.6437487999999973,NOR
625,89.0,96.4500032,6873.0,6987.916704,38.0,17.2666496,False,False,3,3,-7.450003199999998,NOR
626,91.07857554285714,98.0,7042.4039067428575,7006.0,44.23572662857143,9.0,False,False,3,3,-6.921424457142862,NOR
627,95.0,95.0,7362.0,6825.0,56.0,0.0,False,False,3,3,0.0,NOR
628,97.78571428571429,94.5187504,7168.114285714286,6745.3531912,24.8,0.0,False,False,3,3,3.26696388571429,VER
629,100.0,93.0187504,7014.0,6497.1031912,0.0,0.0,False,False,3,3,6.981249599999998,VER
630,99.74285714285715,93.0,6994.2,6494.0,0.0,0.0,False,False,3,3,6.742857142857147,VER
631,98.17142857142858,91.0,6873.2,6847.0,0.0,21.0,False,False,3,3,7.171428571428578,VER
632,98.0,91.14166826666667,6860.0,6828.370622933333,0.0,21.991677866666667,False,False,3,3,6.85833173333333,VER
633,95.77142857142857,93.0,6695.085714285714,6584.0,1.6714285714285715,35.0,False,False,3,3,2.7714285714285722,VER
634,94.0,96.0,6564.0,7072.0,3.0,39.0,False,False,3,3,-2.0,NOR
635,93.24,96.3187536,6564.76,7093.781496,7.56,39.3718792,False,False,3,3,-3.078753599999999,NOR
636,92.0,102.0,6566.0,7482.0,15.0,46.0,False,False,3,3,-10.0,NOR
637,93.0,103.4250048,6983.0,7727.95582848,25.0,52.55502208,False,False,3,3,-10.425004799999996,NOR
638,93.2,104.92499839999999,6994.5,7986.85472384,25.2,59.45499264,False,False,3,3,-11.72499839999999,NOR
639,95.0,107.0,7098.0,8345.0,27.0,69.0,False,False,3,3,-12.0,NOR
640,97.31428571428572,114.87999744,7506.857142857143,9082.76476032,36.25714285714286,84.75999488,False,False,3,3,-17.56571172571428,NOR
641,98.0,115.0,7628.0,9094.0,39.0,85.0,False,False,3,3,-17.0,NOR
642,100.32,132.0,7732.98,9780.0,44.8,92.0,False,False,3,3,-31.680000000000007,NOR
643,102.0,132.8500096,7809.0,9887.69621632,49.0,91.91499904,False,False,3,3,-30.850009599999993,NOR
644,109.48276374013517,142.0,8460.680696640864,11047.0,74.16929621681831,91.0,False,False,3,3,-32.51723625986483,NOR
645,113.0,142.76500864,8767.0,11079.04536192,86.0,91.68000768,False,False,3,3,-29.76500863999999,NOR
646,119.0,151.0,9444.0,11424.0,86.0,99.0,False,False,3,3,-32.0,NOR
647,122.36930293624643,154.46499712,9626.90501653909,11292.71510912,86.0,99.0,False,False,3,3,-32.095694183753565,NOR
648,133.0,169.0,10204.0,10742.0,86.0,99.0,False,False,3,4,-36.0,NOR
649,141.8156328,171.56500864,10975.7069328,10857.85289024,94.1375072,98.85749952,False,False,3,4,-29.74937584,NOR
650,146.0,180.56500864,11342.0,11264.35289024,98.0,98.35749952,False,False,3,4,-34.56500864,NOR
651,154.8312464,187.0,10621.7627936,11555.0,98.9812496,98.0,False,False,3,4,-32.1687536,NOR
652,164.0,194.2,9874.0,11249.8,100.0,98.0,False,False,3,4,-30.19999999999999,NOR
653,169.68929188571428,205.0,10472.639935085714,10792.0,100.0,98.0,False,False,3,5,-35.31070811428572,NOR
654,173.0,205.46666666666667,10821.0,10816.4,100.0,98.0,False,False,4,5,-32.46666666666667,NOR
655,181.37249728,212.0,11272.12985344,11158.0,100.0,98.0,False,False,4,5,-30.627502719999995,NOR
656,190.0,212.90452232216367,11737.0,11211.185912543224,100.0,98.18090446443273,False,False,4,5,-22.904522322163672,NOR
657,190.55250624,217.0,11687.23193792,11452.0,100.0,99.0,False,False,4,5,-26.447493759999986,NOR
658,191.85250624,218.75499904,11570.13193792,11598.24992,100.0,99.0,False,False,4,5,-26.902492800000005,NOR
659,203.0,220.0,10566.0,11702.0,100.0,99.0,False,False,4,5,-17.0,NOR
660,204.3361088,223.031248,10634.0387712,11107.875392,100.0,98.3937504,False,False,4,5,-18.6951392,NOR
661,216.0,225.0,11228.0,10722.0,100.0,98.0,False,False,5,5,-9.0,NOR
662,216.48571977142856,225.0,11243.421602742857,10610.432203885714,100.0,98.41785691428572,False,False,5,5,-8.514280228571437,NOR
663,224.0,225.0,11482.0,10455.0,100.0,99.0,False,False,5,6,-1.0,NOR
664,226.1937488,235.4666624,11674.3186448,10760.4957088,100.0,99.0,False,False,5,6,-9.272913599999981,NOR
665,227.0,241.0,11745.0,10922.0,100.0,99.0,False,False,5,6,-14.0,NOR
666,230.031256,242.4812496,11706.1999232,11096.7874528,100.0,99.0,False,False,5,6,-12.449993599999999,NOR
667,232.0,243.0,11681.0,11158.0,100.0,99.0,False,False,5,6,-11.0,NOR
668,236.9249984,248.84999679999999,11065.3752,11383.2248768,100.0,99.0,False,False,5,6,-11.924998399999993,NOR
669,239.0,251.0,10806.0,11466.0,100.0,99.0,False,False,6,6,-12.0,NOR
670,242.50454807272726,252.7124992,11006.927422836363,11525.937472,100.0,99.0,False,False,6,6,-10.207951127272736,NOR
671,245.0,254.0,11150.0,11571.0,100.0,99.0,False,False,6,6,-9.0,NOR
672,246.05714102857144,257.0,11168.499968,11609.0,100.0,99.0,False,False,6,6,-10.942858971428564,NOR
673,253.0,257.4500032,11290.0,11482.999104,100.0,99.0,False,False,6,6,-4.450003200000026,NOR
674,253.4624992,261.0,11325.9207712,10489.0,100.0,99.0,False,False,6,6,-7.537500800000004,NOR
675,256.0,264.2963977035165,11523.0,10588.551210646197,100.0,99.0,False,False,6,6,-8.296397703516504,NOR
676,257.01786057142857,266.0,11498.7749184,10640.0,100.0,99.0,False,False,6,7,-8.982139428571429,NOR
677,261.0,267.60416533333336,11404.0,10694.8624544,100.0,99.0,False,False,6,7,-6.604165333333356,NOR
678,263.8363636363636,271.0,11159.363636363636,10811.0,100.0,99.0,False,False,6,7,-7.163636363636385,NOR
679,267.1090909090909,273.0,10877.09090909091,10948.0,100.0,99.0,False,False,6,7,-5.890909090909076,NOR
680,269.0,274.15499904,10714.0,10990.92746432,100.0,99.0,False,False,7,7,-5.154999040000007,NOR
681,270.9555555555556,275.05500288,10797.111111111111,11024.37760704,100.0,99.0,False,False,7,7,-4.099447324444441,NOR
682,273.0,275.59499904,10884.0,11044.44746432,100.0,99.0,False,False,7,7,-2.5949990400000047,NOR
